[2026-08-26 00:10:22] local.ERROR: SQLSTATE[08006] [7] connection to server at "127.0.0.1", port 5432 failed: Connection refused
	Is the server running on that host and accepting TCP/IP connections? (Connection: pgsql, SQL: select exists (select 1 from pg_class c, pg_namespace n where n.nspname = 'public' and c.relname = 'migrations' and c.relkind in ('r', 'p') and n.oid = c.relnamespace)) {"exception":"[object] (Illuminate\\Database\\QueryException(code: 7): SQLSTATE[08006] [7] connection to server at \"127.0.0.1\", port 5432 failed: Connection refused
\tIs the server running on that host and accepting TCP/IP connections? (Connection: pgsql, SQL: select exists (select 1 from pg_class c, pg_namespace n where n.nspname = 'public' and c.relname = 'migrations' and c.relkind in ('r', 'p') and n.oid = c.relnamespace)) at /Applications/KSK/IS/ayeyarwady-grill/backend/vendor/laravel/framework/src/Illuminate/Database/Connection.php:825)
[stacktrace]
#0 /Applications/KSK/IS/ayeyarwady-grill/backend/vendor/laravel/framework/src/Illuminate/Database/Connection.php(779): Illuminate\\Database\\Connection->runQueryCallback('select exists (...', Array, Object(Closure))
#1 /Applications/KSK/IS/ayeyarwady-grill/backend/vendor/laravel/framework/src/Illuminate/Database/Connection.php(398): Illuminate\\Database\\Connection->run('select exists (...', Array, Object(Closure))
#2 /Applications/KSK/IS/ayeyarwady-grill/backend/vendor/laravel/framework/src/Illuminate/Database/Connection.php(344): Illuminate\\Database\\Connection->select('select exists (...', Array, true)
#3 /Applications/KSK/IS/ayeyarwady-grill/backend/vendor/laravel/framework/src/Illuminate/Database/Connection.php(361): Illuminate\\Database\\Connection->selectOne('select exists (...', Array, true)
#4 /Applications/KSK/IS/ayeyarwady-grill/backend/vendor/laravel/framework/src/Illuminate/Database/Schema/PostgresBuilder.php(52): Illuminate\\Database\\Connection->scalar('select exists (...')
#5 /Applications/KSK/IS/ayeyarwady-grill/backend/vendor/laravel/framework/src/Illuminate/Database/Migrations/DatabaseMigrationRepository.php(184): Illuminate\\Database\\Schema\\PostgresBuilder->hasTable('migrations')
#6 /Applications/KSK/IS/ayeyarwady-grill/backend/vendor/laravel/framework/src/Illuminate/Database/Migrations/Migrator.php(742): Illuminate\\Database\\Migrations\\DatabaseMigrationRepository->repositoryExists()
#7 /Applications/KSK/IS/ayeyarwady-grill/backend/vendor/laravel/framework/src/Illuminate/Database/Console/Migrations/MigrateCommand.php(165): Illuminate\\Database\\Migrations\\Migrator->repositoryExists()
#8 /Applications/KSK/IS/ayeyarwady-grill/backend/vendor/laravel/framework/src/Illuminate/Support/helpers.php(338): Illuminate\\Database\\Console\\Migrations\\MigrateCommand->{closure:Illuminate\\Database\\Console\\Migrations\\MigrateCommand::repositoryExists():165}(1)
#9 /Applications/KSK/IS/ayeyarwady-grill/backend/vendor/laravel/framework/src/Illuminate/Database/Console/Migrations/MigrateCommand.php(165): retry(1, Object(Closure), 0, Object(Closure))
#10 /Applications/KSK/IS/ayeyarwady-grill/backend/vendor/laravel/framework/src/Illuminate/Database/Console/Migrations/MigrateCommand.php(141): Illuminate\\Database\\Console\\Migrations\\MigrateCommand->repositoryExists()
#11 /Applications/KSK/IS/ayeyarwady-grill/backend/vendor/laravel/framework/src/Illuminate/Database/Console/Migrations/MigrateCommand.php(111): Illuminate\\Database\\Console\\Migrations\\MigrateCommand->prepareDatabase()
#12 /Applications/KSK/IS/ayeyarwady-grill/backend/vendor/laravel/framework/src/Illuminate/Database/Migrations/Migrator.php(658): Illuminate\\Database\\Console\\Migrations\\MigrateCommand->{closure:Illuminate\\Database\\Console\\Migrations\\MigrateCommand::runMigrations():110}()
#13 /Applications/KSK/IS/ayeyarwady-grill/backend/vendor/laravel/framework/src/Illuminate/Database/Console/Migrations/MigrateCommand.php(110): Illuminate\\Database\\Migrations\\Migrator->usingConnection(NULL, Object(Closure))
#14 /Applications/KSK/IS/ayeyarwady-grill/backend/vendor/laravel/framework/src/Illuminate/Database/Console/Migrations/MigrateCommand.php(89): Illuminate\\Database\\Console\\Migrations\\MigrateCommand->runMigrations()
#15 /Applications/KSK/IS/ayeyarwady-grill/backend/vendor/laravel/framework/src/Illuminate/Container/BoundMethod.php(36): Illuminate\\Database\\Console\\Migrations\\MigrateCommand->handle()
#16 /Applications/KSK/IS/ayeyarwady-grill/backend/vendor/laravel/framework/src/Illuminate/Container/Util.php(43): Illuminate\\Container\\BoundMethod::{closure:Illuminate\\Container\\BoundMethod::call():35}()
#17 /Applications/KSK/IS/ayeyarwady-grill/backend/vendor/laravel/framework/src/Illuminate/Container/BoundMethod.php(95): Illuminate\\Container\\Util::unwrapIfClosure(Object(Closure))
#18 /Applications/KSK/IS/ayeyarwady-grill/backend/vendor/laravel/framework/src/Illuminate/Container/BoundMethod.php(35): Illuminate\\Container\\BoundMethod::callBoundMethod(Object(Illuminate\\Foundation\\Application), Array, Object(Closure))
#19 /Applications/KSK/IS/ayeyarwady-grill/backend/vendor/laravel/framework/src/Illuminate/Container/Container.php(696): Illuminate\\Container\\BoundMethod::call(Object(Illuminate\\Foundation\\Application), Array, Array, NULL)
#20 /Applications/KSK/IS/ayeyarwady-grill/backend/vendor/laravel/framework/src/Illuminate/Console/Command.php(213): Illuminate\\Container\\Container->call(Array)
#21 /Applications/KSK/IS/ayeyarwady-grill/backend/vendor/symfony/console/Command/Command.php(341): Illuminate\\Console\\Command->execute(Object(Symfony\\Component\\Console\\Input\\ArgvInput), Object(Illuminate\\Console\\OutputStyle))
#22 /Applications/KSK/IS/ayeyarwady-grill/backend/vendor/laravel/framework/src/Illuminate/Console/Command.php(182): Symfony\\Component\\Console\\Command\\Command->run(Object(Symfony\\Component\\Console\\Input\\ArgvInput), Object(Illuminate\\Console\\OutputStyle))
#23 /Applications/KSK/IS/ayeyarwady-grill/backend/vendor/symfony/console/Application.php(1117): Illuminate\\Console\\Command->run(Object(Symfony\\Component\\Console\\Input\\ArgvInput), Object(Symfony\\Component\\Console\\Output\\ConsoleOutput))
#24 /Applications/KSK/IS/ayeyarwady-grill/backend/vendor/symfony/console/Application.php(356): Symfony\\Component\\Console\\Application->doRunCommand(Object(Illuminate\\Database\\Console\\Migrations\\MigrateCommand), Object(Symfony\\Component\\Console\\Input\\ArgvInput), Object(Symfony\\Component\\Console\\Output\\ConsoleOutput))
#25 /Applications/KSK/IS/ayeyarwady-grill/backend/vendor/symfony/console/Application.php(195): Symfony\\Component\\Console\\Application->doRun(Object(Symfony\\Component\\Console\\Input\\ArgvInput), Object(Symfony\\Component\\Console\\Output\\ConsoleOutput))
#26 /Applications/KSK/IS/ayeyarwady-grill/backend/vendor/laravel/framework/src/Illuminate/Foundation/Console/Kernel.php(198): Symfony\\Component\\Console\\Application->run(Object(Symfony\\Component\\Console\\Input\\ArgvInput), Object(Symfony\\Component\\Console\\Output\\ConsoleOutput))
#27 /Applications/KSK/IS/ayeyarwady-grill/backend/vendor/laravel/framework/src/Illuminate/Foundation/Application.php(1235): Illuminate\\Foundation\\Console\\Kernel->handle(Object(Symfony\\Component\\Console\\Input\\ArgvInput), Object(Symfony\\Component\\Console\\Output\\ConsoleOutput))
#28 /Applications/KSK/IS/ayeyarwady-grill/backend/artisan(13): Illuminate\\Foundation\\Application->handleCommand(Object(Symfony\\Component\\Console\\Input\\ArgvInput))
#29 {main}

[previous exception] [object] (PDOException(code: 7): SQLSTATE[08006] [7] connection to server at \"127.0.0.1\", port 5432 failed: Connection refused
\tIs the server running on that host and accepting TCP/IP connections? at /Applications/KSK/IS/ayeyarwady-grill/backend/vendor/laravel/framework/src/Illuminate/Database/Connectors/Connector.php:67)
[stacktrace]
#0 /Applications/KSK/IS/ayeyarwady-grill/backend/vendor/laravel/framework/src/Illuminate/Database/Connectors/Connector.php(67): PDO::connect('pgsql:host=127....', 'kaungsithu', Object(SensitiveParameterValue), Array)
#1 /Applications/KSK/IS/ayeyarwady-grill/backend/vendor/laravel/framework/src/Illuminate/Database/Connectors/Connector.php(44): Illuminate\\Database\\Connectors\\Connector->createPdoConnection('pgsql:host=127....', 'kaungsithu', Object(SensitiveParameterValue), Array)
#2 /Applications/KSK/IS/ayeyarwady-grill/backend/vendor/laravel/framework/src/Illuminate/Database/Connectors/PostgresConnector.php(35): Illuminate\\Database\\Connectors\\Connector->createConnection('pgsql:host=127....', Array, Array)
#3 /Applications/KSK/IS/ayeyarwady-grill/backend/vendor/laravel/framework/src/Illuminate/Database/Connectors/ConnectionFactory.php(185): Illuminate\\Database\\Connectors\\PostgresConnector->connect(Array)
#4 [internal function]: Illuminate\\Database\\Connectors\\ConnectionFactory->{closure:Illuminate\\Database\\Connectors\\ConnectionFactory::createPdoResolverWithHosts():180}()
#5 /Applications/KSK/IS/ayeyarwady-grill/backend/vendor/laravel/framework/src/Illuminate/Database/Connection.php(1231): call_user_func(Object(Closure))
#6 /Applications/KSK/IS/ayeyarwady-grill/backend/vendor/laravel/framework/src/Illuminate/Database/Connection.php(1267): Illuminate\\Database\\Connection->getPdo()
#7 /Applications/KSK/IS/ayeyarwady-grill/backend/vendor/laravel/framework/src/Illuminate/Database/Connection.php(512): Illuminate\\Database\\Connection->getReadPdo()
#8 /Applications/KSK/IS/ayeyarwady-grill/backend/vendor/laravel/framework/src/Illuminate/Database/Connection.php(407): Illuminate\\Database\\Connection->getPdoForSelect(true)
#9 /Applications/KSK/IS/ayeyarwady-grill/backend/vendor/laravel/framework/src/Illuminate/Database/Connection.php(812): Illuminate\\Database\\Connection->{closure:Illuminate\\Database\\Connection::select():398}('select exists (...', Array)
#10 /Applications/KSK/IS/ayeyarwady-grill/backend/vendor/laravel/framework/src/Illuminate/Database/Connection.php(779): Illuminate\\Database\\Connection->runQueryCallback('select exists (...', Array, Object(Closure))
#11 /Applications/KSK/IS/ayeyarwady-grill/backend/vendor/laravel/framework/src/Illuminate/Database/Connection.php(398): Illuminate\\Database\\Connection->run('select exists (...', Array, Object(Closure))
#12 /Applications/KSK/IS/ayeyarwady-grill/backend/vendor/laravel/framework/src/Illuminate/Database/Connection.php(344): Illuminate\\Database\\Connection->select('select exists (...', Array, true)
#13 /Applications/KSK/IS/ayeyarwady-grill/backend/vendor/laravel/framework/src/Illuminate/Database/Connection.php(361): Illuminate\\Database\\Connection->selectOne('select exists (...', Array, true)
#14 /Applications/KSK/IS/ayeyarwady-grill/backend/vendor/laravel/framework/src/Illuminate/Database/Schema/PostgresBuilder.php(52): Illuminate\\Database\\Connection->scalar('select exists (...')
#15 /Applications/KSK/IS/ayeyarwady-grill/backend/vendor/laravel/framework/src/Illuminate/Database/Migrations/DatabaseMigrationRepository.php(184): Illuminate\\Database\\Schema\\PostgresBuilder->hasTable('migrations')
#16 /Applications/KSK/IS/ayeyarwady-grill/backend/vendor/laravel/framework/src/Illuminate/Database/Migrations/Migrator.php(742): Illuminate\\Database\\Migrations\\DatabaseMigrationRepository->repositoryExists()
#17 /Applications/KSK/IS/ayeyarwady-grill/backend/vendor/laravel/framework/src/Illuminate/Database/Console/Migrations/MigrateCommand.php(165): Illuminate\\Database\\Migrations\\Migrator->repositoryExists()
#18 /Applications/KSK/IS/ayeyarwady-grill/backend/vendor/laravel/framework/src/Illuminate/Support/helpers.php(338): Illuminate\\Database\\Console\\Migrations\\MigrateCommand->{closure:Illuminate\\Database\\Console\\Migrations\\MigrateCommand::repositoryExists():165}(1)
#19 /Applications/KSK/IS/ayeyarwady-grill/backend/vendor/laravel/framework/src/Illuminate/Database/Console/Migrations/MigrateCommand.php(165): retry(1, Object(Closure), 0, Object(Closure))
#20 /Applications/KSK/IS/ayeyarwady-grill/backend/vendor/laravel/framework/src/Illuminate/Database/Console/Migrations/MigrateCommand.php(141): Illuminate\\Database\\Console\\Migrations\\MigrateCommand->repositoryExists()
#21 /Applications/KSK/IS/ayeyarwady-grill/backend/vendor/laravel/framework/src/Illuminate/Database/Console/Migrations/MigrateCommand.php(111): Illuminate\\Database\\Console\\Migrations\\MigrateCommand->prepareDatabase()
#22 /Applications/KSK/IS/ayeyarwady-grill/backend/vendor/laravel/framework/src/Illuminate/Database/Migrations/Migrator.php(658): Illuminate\\Database\\Console\\Migrations\\MigrateCommand->{closure:Illuminate\\Database\\Console\\Migrations\\MigrateCommand::runMigrations():110}()
#23 /Applications/KSK/IS/ayeyarwady-grill/backend/vendor/laravel/framework/src/Illuminate/Database/Console/Migrations/MigrateCommand.php(110): Illuminate\\Database\\Migrations\\Migrator->usingConnection(NULL, Object(Closure))
#24 /Applications/KSK/IS/ayeyarwady-grill/backend/vendor/laravel/framework/src/Illuminate/Database/Console/Migrations/MigrateCommand.php(89): Illuminate\\Database\\Console\\Migrations\\MigrateCommand->runMigrations()
#25 /Applications/KSK/IS/ayeyarwady-grill/backend/vendor/laravel/framework/src/Illuminate/Container/BoundMethod.php(36): Illuminate\\Database\\Console\\Migrations\\MigrateCommand->handle()
#26 /Applications/KSK/IS/ayeyarwady-grill/backend/vendor/laravel/framework/src/Illuminate/Container/Util.php(43): Illuminate\\Container\\BoundMethod::{closure:Illuminate\\Container\\BoundMethod::call():35}()
#27 /Applications/KSK/IS/ayeyarwady-grill/backend/vendor/laravel/framework/src/Illuminate/Container/BoundMethod.php(95): Illuminate\\Container\\Util::unwrapIfClosure(Object(Closure))
#28 /Applications/KSK/IS/ayeyarwady-grill/backend/vendor/laravel/framework/src/Illuminate/Container/BoundMethod.php(35): Illuminate\\Container\\BoundMethod::callBoundMethod(Object(Illuminate\\Foundation\\Application), Array, Object(Closure))
#29 /Applications/KSK/IS/ayeyarwady-grill/backend/vendor/laravel/framework/src/Illuminate/Container/Container.php(696): Illuminate\\Container\\BoundMethod::call(Object(Illuminate\\Foundation\\Application), Array, Array, NULL)
#30 /Applications/KSK/IS/ayeyarwady-grill/backend/vendor/laravel/framework/src/Illuminate/Console/Command.php(213): Illuminate\\Container\\Container->call(Array)
#31 /Applications/KSK/IS/ayeyarwady-grill/backend/vendor/symfony/console/Command/Command.php(341): Illuminate\\Console\\Command->execute(Object(Symfony\\Component\\Console\\Input\\ArgvInput), Object(Illuminate\\Console\\OutputStyle))
#32 /Applications/KSK/IS/ayeyarwady-grill/backend/vendor/laravel/framework/src/Illuminate/Console/Command.php(182): Symfony\\Component\\Console\\Command\\Command->run(Object(Symfony\\Component\\Console\\Input\\ArgvInput), Object(Illuminate\\Console\\OutputStyle))
#33 /Applications/KSK/IS/ayeyarwady-grill/backend/vendor/symfony/console/Application.php(1117): Illuminate\\Console\\Command->run(Object(Symfony\\Component\\Console\\Input\\ArgvInput), Object(Symfony\\Component\\Console\\Output\\ConsoleOutput))
#34 /Applications/KSK/IS/ayeyarwady-grill/backend/vendor/symfony/console/Application.php(356): Symfony\\Component\\Console\\Application->doRunCommand(Object(Illuminate\\Database\\Console\\Migrations\\MigrateCommand), Object(Symfony\\Component\\Console\\Input\\ArgvInput), Object(Symfony\\Component\\Console\\Output\\ConsoleOutput))
#35 /Applications/KSK/IS/ayeyarwady-grill/backend/vendor/symfony/console/Application.php(195): Symfony\\Component\\Console\\Application->doRun(Object(Symfony\\Component\\Console\\Input\\ArgvInput), Object(Symfony\\Component\\Console\\Output\\ConsoleOutput))
#36 /Applications/KSK/IS/ayeyarwady-grill/backend/vendor/laravel/framework/src/Illuminate/Foundation/Console/Kernel.php(198): Symfony\\Component\\Console\\Application->run(Object(Symfony\\Component\\Console\\Input\\ArgvInput), Object(Symfony\\Component\\Console\\Output\\ConsoleOutput))
#37 /Applications/KSK/IS/ayeyarwady-grill/backend/vendor/laravel/framework/src/Illuminate/Foundation/Application.php(1235): Illuminate\\Foundation\\Console\\Kernel->handle(Object(Symfony\\Component\\Console\\Input\\ArgvInput), Object(Symfony\\Component\\Console\\Output\\ConsoleOutput))
#38 /Applications/KSK/IS/ayeyarwady-grill/backend/artisan(13): Illuminate\\Foundation\\Application->handleCommand(Object(Symfony\\Component\\Console\\Input\\ArgvInput))
#39 {main}
"} 
[2026-09-02 16:49:30] local.ERROR: Pusher error: cURL error 7: Failed to connect to localhost port 8080 after 0 ms: Could not connect to server (see https://curl.se/libcurl/c/libcurl-errors.html) for http://localhost:8080/apps/ayeyarwady-grill/events?auth_key=local-reverb-key&auth_timestamp=1788344370&auth_version=1.0&body_md5=59411d2fcceb8aaad457ca05ab22214a&auth_signature=c53495e18e10f6c631738597105a924f5c775a8e1d1a0b1003c2b40268a6bcf6. {"userId":1,"exception":"[object] (Illuminate\\Broadcasting\\BroadcastException(code: 0): Pusher error: cURL error 7: Failed to connect to localhost port 8080 after 0 ms: Could not connect to server (see https://curl.se/libcurl/c/libcurl-errors.html) for http://localhost:8080/apps/ayeyarwady-grill/events?auth_key=local-reverb-key&auth_timestamp=1788344370&auth_version=1.0&body_md5=59411d2fcceb8aaad457ca05ab22214a&auth_signature=c53495e18e10f6c631738597105a924f5c775a8e1d1a0b1003c2b40268a6bcf6. at /Applications/KSK/IS/ayeyarwady-grill/backend/vendor/laravel/framework/src/Illuminate/Broadcasting/Broadcasters/PusherBroadcaster.php:164)
[stacktrace]
#0 /Applications/KSK/IS/ayeyarwady-grill/backend/vendor/laravel/framework/src/Illuminate/Broadcasting/BroadcastEvent.php(93): Illuminate\\Broadcasting\\Broadcasters\\PusherBroadcaster->broadcast(Object(Illuminate\\Support\\Collection), 'booking.new', Array)
#1 /Applications/KSK/IS/ayeyarwady-grill/backend/vendor/laravel/framework/src/Illuminate/Container/BoundMethod.php(36): Illuminate\\Broadcasting\\BroadcastEvent->handle(Object(Illuminate\\Broadcasting\\BroadcastManager))
#2 /Applications/KSK/IS/ayeyarwady-grill/backend/vendor/laravel/framework/src/Illuminate/Container/Util.php(43): Illuminate\\Container\\BoundMethod::{closure:Illuminate\\Container\\BoundMethod::call():35}()
#3 /Applications/KSK/IS/ayeyarwady-grill/backend/vendor/laravel/framework/src/Illuminate/Container/BoundMethod.php(95): Illuminate\\Container\\Util::unwrapIfClosure(Object(Closure))
#4 /Applications/KSK/IS/ayeyarwady-grill/backend/vendor/laravel/framework/src/Illuminate/Container/BoundMethod.php(35): Illuminate\\Container\\BoundMethod::callBoundMethod(Object(Illuminate\\Foundation\\Application), Array, Object(Closure))
#5 /Applications/KSK/IS/ayeyarwady-grill/backend/vendor/laravel/framework/src/Illuminate/Container/Container.php(696): Illuminate\\Container\\BoundMethod::call(Object(Illuminate\\Foundation\\Application), Array, Array, NULL)
#6 /Applications/KSK/IS/ayeyarwady-grill/backend/vendor/laravel/framework/src/Illuminate/Bus/Dispatcher.php(126): Illuminate\\Container\\Container->call(Array)
#7 /Applications/KSK/IS/ayeyarwady-grill/backend/vendor/laravel/framework/src/Illuminate/Pipeline/Pipeline.php(170): Illuminate\\Bus\\Dispatcher->{closure:Illuminate\\Bus\\Dispatcher::dispatchNow():123}(Object(Illuminate\\Broadcasting\\BroadcastEvent))
#8 /Applications/KSK/IS/ayeyarwady-grill/backend/vendor/laravel/framework/src/Illuminate/Pipeline/Pipeline.php(127): Illuminate\\Pipeline\\Pipeline->{closure:Illuminate\\Pipeline\\Pipeline::prepareDestination():168}(Object(Illuminate\\Broadcasting\\BroadcastEvent))
#9 /Applications/KSK/IS/ayeyarwady-grill/backend/vendor/laravel/framework/src/Illuminate/Bus/Dispatcher.php(130): Illuminate\\Pipeline\\Pipeline->then(Object(Closure))
#10 /Applications/KSK/IS/ayeyarwady-grill/backend/vendor/laravel/framework/src/Illuminate/Queue/CallQueuedHandler.php(126): Illuminate\\Bus\\Dispatcher->dispatchNow(Object(Illuminate\\Broadcasting\\BroadcastEvent), false)
#11 /Applications/KSK/IS/ayeyarwady-grill/backend/vendor/laravel/framework/src/Illuminate/Pipeline/Pipeline.php(170): Illuminate\\Queue\\CallQueuedHandler->{closure:Illuminate\\Queue\\CallQueuedHandler::dispatchThroughMiddleware():121}(Object(Illuminate\\Broadcasting\\BroadcastEvent))
#12 /Applications/KSK/IS/ayeyarwady-grill/backend/vendor/laravel/framework/src/Illuminate/Pipeline/Pipeline.php(127): Illuminate\\Pipeline\\Pipeline->{closure:Illuminate\\Pipeline\\Pipeline::prepareDestination():168}(Object(Illuminate\\Broadcasting\\BroadcastEvent))
#13 /Applications/KSK/IS/ayeyarwady-grill/backend/vendor/laravel/framework/src/Illuminate/Queue/CallQueuedHandler.php(121): Illuminate\\Pipeline\\Pipeline->then(Object(Closure))
#14 /Applications/KSK/IS/ayeyarwady-grill/backend/vendor/laravel/framework/src/Illuminate/Queue/CallQueuedHandler.php(69): Illuminate\\Queue\\CallQueuedHandler->dispatchThroughMiddleware(Object(Illuminate\\Queue\\Jobs\\SyncJob), Object(Illuminate\\Broadcasting\\BroadcastEvent))
#15 /Applications/KSK/IS/ayeyarwady-grill/backend/vendor/laravel/framework/src/Illuminate/Queue/Jobs/Job.php(102): Illuminate\\Queue\\CallQueuedHandler->call(Object(Illuminate\\Queue\\Jobs\\SyncJob), Array)
#16 /Applications/KSK/IS/ayeyarwady-grill/backend/vendor/laravel/framework/src/Illuminate/Queue/SyncQueue.php(76): Illuminate\\Queue\\Jobs\\Job->fire()
#17 /Applications/KSK/IS/ayeyarwady-grill/backend/vendor/laravel/framework/src/Illuminate/Queue/SyncQueue.php(56): Illuminate\\Queue\\SyncQueue->executeJob(Object(Illuminate\\Broadcasting\\BroadcastEvent), '', NULL)
#18 /Applications/KSK/IS/ayeyarwady-grill/backend/vendor/laravel/framework/src/Illuminate/Queue/Queue.php(59): Illuminate\\Queue\\SyncQueue->push(Object(Illuminate\\Broadcasting\\BroadcastEvent), '', NULL)
#19 /Applications/KSK/IS/ayeyarwady-grill/backend/vendor/laravel/framework/src/Illuminate/Broadcasting/BroadcastManager.php(207): Illuminate\\Queue\\Queue->pushOn(NULL, Object(Illuminate\\Broadcasting\\BroadcastEvent))
#20 /Applications/KSK/IS/ayeyarwady-grill/backend/vendor/laravel/framework/src/Illuminate/Events/Dispatcher.php(358): Illuminate\\Broadcasting\\BroadcastManager->queue(Object(App\\Events\\BookingCreated))
#21 /Applications/KSK/IS/ayeyarwady-grill/backend/vendor/laravel/framework/src/Illuminate/Events/Dispatcher.php(281): Illuminate\\Events\\Dispatcher->broadcastEvent(Object(App\\Events\\BookingCreated))
#22 /Applications/KSK/IS/ayeyarwady-grill/backend/vendor/laravel/framework/src/Illuminate/Events/Dispatcher.php(267): Illuminate\\Events\\Dispatcher->invokeListeners('App\\\\Events\\\\Book...', Array, false)
#23 /Applications/KSK/IS/ayeyarwady-grill/backend/vendor/laravel/framework/src/Illuminate/Broadcasting/PendingBroadcast.php(72): Illuminate\\Events\\Dispatcher->dispatch('App\\\\Events\\\\Book...')
#24 /Applications/KSK/IS/ayeyarwady-grill/backend/vendor/laravel/framework/src/Illuminate/Foundation/helpers.php(223): Illuminate\\Broadcasting\\PendingBroadcast->__destruct()
#25 /Applications/KSK/IS/ayeyarwady-grill/backend/app/Http/Controllers/Api/BookingController.php(95): broadcast(Object(App\\Events\\BookingCreated))
#26 /Applications/KSK/IS/ayeyarwady-grill/backend/vendor/laravel/framework/src/Illuminate/Routing/ControllerDispatcher.php(47): App\\Http\\Controllers\\Api\\BookingController->store(Object(Illuminate\\Http\\Request))
#27 /Applications/KSK/IS/ayeyarwady-grill/backend/vendor/laravel/framework/src/Illuminate/Routing/Route.php(266): Illuminate\\Routing\\ControllerDispatcher->dispatch(Object(Illuminate\\Routing\\Route), Object(App\\Http\\Controllers\\Api\\BookingController), 'store')
#28 /Applications/KSK/IS/ayeyarwady-grill/backend/vendor/laravel/framework/src/Illuminate/Routing/Route.php(212): Illuminate\\Routing\\Route->runController()
#29 /Applications/KSK/IS/ayeyarwady-grill/backend/vendor/laravel/framework/src/Illuminate/Routing/Router.php(808): Illuminate\\Routing\\Route->run()
#30 /Applications/KSK/IS/ayeyarwady-grill/backend/vendor/laravel/framework/src/Illuminate/Pipeline/Pipeline.php(170): Illuminate\\Routing\\Router->{closure:Illuminate\\Routing\\Router::runRouteWithinStack():807}(Object(Illuminate\\Http\\Request))
#31 /Applications/KSK/IS/ayeyarwady-grill/backend/app/Http/Middleware/RoleMiddleware.php(39): Illuminate\\Pipeline\\Pipeline->{closure:Illuminate\\Pipeline\\Pipeline::prepareDestination():168}(Object(Illuminate\\Http\\Request))
#32 /Applications/KSK/IS/ayeyarwady-grill/backend/vendor/laravel/framework/src/Illuminate/Pipeline/Pipeline.php(209): App\\Http\\Middleware\\RoleMiddleware->handle(Object(Illuminate\\Http\\Request), Object(Closure), 'customer')
#33 /Applications/KSK/IS/ayeyarwady-grill/backend/vendor/laravel/framework/src/Illuminate/Routing/Middleware/SubstituteBindings.php(51): Illuminate\\Pipeline\\Pipeline->{closure:{closure:Illuminate\\Pipeline\\Pipeline::carry():184}:185}(Object(Illuminate\\Http\\Request))
#34 /Applications/KSK/IS/ayeyarwady-grill/backend/vendor/laravel/framework/src/Illuminate/Pipeline/Pipeline.php(209): Illuminate\\Routing\\Middleware\\SubstituteBindings->handle(Object(Illuminate\\Http\\Request), Object(Closure))
#35 /Applications/KSK/IS/ayeyarwady-grill/backend/vendor/laravel/framework/src/Illuminate/Auth/Middleware/Authenticate.php(64): Illuminate\\Pipeline\\Pipeline->{closure:{closure:Illuminate\\Pipeline\\Pipeline::carry():184}:185}(Object(Illuminate\\Http\\Request))
#36 /Applications/KSK/IS/ayeyarwady-grill/backend/vendor/laravel/framework/src/Illuminate/Pipeline/Pipeline.php(209): Illuminate\\Auth\\Middleware\\Authenticate->handle(Object(Illuminate\\Http\\Request), Object(Closure), 'sanctum')
#37 /Applications/KSK/IS/ayeyarwady-grill/backend/vendor/laravel/framework/src/Illuminate/Pipeline/Pipeline.php(127): Illuminate\\Pipeline\\Pipeline->{closure:{closure:Illuminate\\Pipeline\\Pipeline::carry():184}:185}(Object(Illuminate\\Http\\Request))
#38 /Applications/KSK/IS/ayeyarwady-grill/backend/vendor/laravel/framework/src/Illuminate/Routing/Router.php(807): Illuminate\\Pipeline\\Pipeline->then(Object(Closure))
#39 /Applications/KSK/IS/ayeyarwady-grill/backend/vendor/laravel/framework/src/Illuminate/Routing/Router.php(786): Illuminate\\Routing\\Router->runRouteWithinStack(Object(Illuminate\\Routing\\Route), Object(Illuminate\\Http\\Request))
#40 /Applications/KSK/IS/ayeyarwady-grill/backend/vendor/laravel/framework/src/Illuminate/Routing/Router.php(750): Illuminate\\Routing\\Router->runRoute(Object(Illuminate\\Http\\Request), Object(Illuminate\\Routing\\Route))
#41 /Applications/KSK/IS/ayeyarwady-grill/backend/vendor/laravel/framework/src/Illuminate/Routing/Router.php(739): Illuminate\\Routing\\Router->dispatchToRoute(Object(Illuminate\\Http\\Request))
#42 /Applications/KSK/IS/ayeyarwady-grill/backend/vendor/laravel/framework/src/Illuminate/Foundation/Http/Kernel.php(201): Illuminate\\Routing\\Router->dispatch(Object(Illuminate\\Http\\Request))
#43 /Applications/KSK/IS/ayeyarwady-grill/backend/vendor/laravel/framework/src/Illuminate/Pipeline/Pipeline.php(170): Illuminate\\Foundation\\Http\\Kernel->{closure:Illuminate\\Foundation\\Http\\Kernel::dispatchToRouter():198}(Object(Illuminate\\Http\\Request))
#44 /Applications/KSK/IS/ayeyarwady-grill/backend/vendor/laravel/framework/src/Illuminate/Foundation/Http/Middleware/TransformsRequest.php(21): Illuminate\\Pipeline\\Pipeline->{closure:Illuminate\\Pipeline\\Pipeline::prepareDestination():168}(Object(Illuminate\\Http\\Request))
#45 /Applications/KSK/IS/ayeyarwady-grill/backend/vendor/laravel/framework/src/Illuminate/Foundation/Http/Middleware/ConvertEmptyStringsToNull.php(31): Illuminate\\Foundation\\Http\\Middleware\\TransformsRequest->handle(Object(Illuminate\\Http\\Request), Object(Closure))
#46 /Applications/KSK/IS/ayeyarwady-grill/backend/vendor/laravel/framework/src/Illuminate/Pipeline/Pipeline.php(209): Illuminate\\Foundation\\Http\\Middleware\\ConvertEmptyStringsToNull->handle(Object(Illuminate\\Http\\Request), Object(Closure))
#47 /Applications/KSK/IS/ayeyarwady-grill/backend/vendor/laravel/framework/src/Illuminate/Foundation/Http/Middleware/TransformsRequest.php(21): Illuminate\\Pipeline\\Pipeline->{closure:{closure:Illuminate\\Pipeline\\Pipeline::carry():184}:185}(Object(Illuminate\\Http\\Request))
#48 /Applications/KSK/IS/ayeyarwady-grill/backend/vendor/laravel/framework/src/Illuminate/Foundation/Http/Middleware/TrimStrings.php(51): Illuminate\\Foundation\\Http\\Middleware\\TransformsRequest->handle(Object(Illuminate\\Http\\Request), Object(Closure))
#49 /Applications/KSK/IS/ayeyarwady-grill/backend/vendor/laravel/framework/src/Illuminate/Pipeline/Pipeline.php(209): Illuminate\\Foundation\\Http\\Middleware\\TrimStrings->handle(Object(Illuminate\\Http\\Request), Object(Closure))
#50 /Applications/KSK/IS/ayeyarwady-grill/backend/vendor/laravel/framework/src/Illuminate/Http/Middleware/ValidatePostSize.php(27): Illuminate\\Pipeline\\Pipeline->{closure:{closure:Illuminate\\Pipeline\\Pipeline::carry():184}:185}(Object(Illuminate\\Http\\Request))
#51 /Applications/KSK/IS/ayeyarwady-grill/backend/vendor/laravel/framework/src/Illuminate/Pipeline/Pipeline.php(209): Illuminate\\Http\\Middleware\\ValidatePostSize->handle(Object(Illuminate\\Http\\Request), Object(Closure))
#52 /Applications/KSK/IS/ayeyarwady-grill/backend/vendor/laravel/framework/src/Illuminate/Foundation/Http/Middleware/PreventRequestsDuringMaintenance.php(110): Illuminate\\Pipeline\\Pipeline->{closure:{closure:Illuminate\\Pipeline\\Pipeline::carry():184}:185}(Object(Illuminate\\Http\\Request))
#53 /Applications/KSK/IS/ayeyarwady-grill/backend/vendor/laravel/framework/src/Illuminate/Pipeline/Pipeline.php(209): Illuminate\\Foundation\\Http\\Middleware\\PreventRequestsDuringMaintenance->handle(Object(Illuminate\\Http\\Request), Object(Closure))
#54 /Applications/KSK/IS/ayeyarwady-grill/backend/vendor/laravel/framework/src/Illuminate/Http/Middleware/HandleCors.php(62): Illuminate\\Pipeline\\Pipeline->{closure:{closure:Illuminate\\Pipeline\\Pipeline::carry():184}:185}(Object(Illuminate\\Http\\Request))
#55 /Applications/KSK/IS/ayeyarwady-grill/backend/vendor/laravel/framework/src/Illuminate/Pipeline/Pipeline.php(209): Illuminate\\Http\\Middleware\\HandleCors->handle(Object(Illuminate\\Http\\Request), Object(Closure))
#56 /Applications/KSK/IS/ayeyarwady-grill/backend/vendor/laravel/framework/src/Illuminate/Http/Middleware/TrustProxies.php(58): Illuminate\\Pipeline\\Pipeline->{closure:{closure:Illuminate\\Pipeline\\Pipeline::carry():184}:185}(Object(Illuminate\\Http\\Request))
#57 /Applications/KSK/IS/ayeyarwady-grill/backend/vendor/laravel/framework/src/Illuminate/Pipeline/Pipeline.php(209): Illuminate\\Http\\Middleware\\TrustProxies->handle(Object(Illuminate\\Http\\Request), Object(Closure))
#58 /Applications/KSK/IS/ayeyarwady-grill/backend/vendor/laravel/framework/src/Illuminate/Foundation/Http/Middleware/InvokeDeferredCallbacks.php(22): Illuminate\\Pipeline\\Pipeline->{closure:{closure:Illuminate\\Pipeline\\Pipeline::carry():184}:185}(Object(Illuminate\\Http\\Request))
#59 /Applications/KSK/IS/ayeyarwady-grill/backend/vendor/laravel/framework/src/Illuminate/Pipeline/Pipeline.php(209): Illuminate\\Foundation\\Http\\Middleware\\InvokeDeferredCallbacks->handle(Object(Illuminate\\Http\\Request), Object(Closure))
#60 /Applications/KSK/IS/ayeyarwady-grill/backend/vendor/laravel/framework/src/Illuminate/Pipeline/Pipeline.php(127): Illuminate\\Pipeline\\Pipeline->{closure:{closure:Illuminate\\Pipeline\\Pipeline::carry():184}:185}(Object(Illuminate\\Http\\Request))
#61 /Applications/KSK/IS/ayeyarwady-grill/backend/vendor/laravel/framework/src/Illuminate/Foundation/Http/Kernel.php(176): Illuminate\\Pipeline\\Pipeline->then(Object(Closure))
#62 /Applications/KSK/IS/ayeyarwady-grill/backend/vendor/laravel/framework/src/Illuminate/Foundation/Http/Kernel.php(145): Illuminate\\Foundation\\Http\\Kernel->sendRequestThroughRouter(Object(Illuminate\\Http\\Request))
#63 /Applications/KSK/IS/ayeyarwady-grill/backend/vendor/laravel/framework/src/Illuminate/Foundation/Application.php(1220): Illuminate\\Foundation\\Http\\Kernel->handle(Object(Illuminate\\Http\\Request))
#64 /Applications/KSK/IS/ayeyarwady-grill/backend/public/index.php(21): Illuminate\\Foundation\\Application->handleRequest(Object(Illuminate\\Http\\Request))
#65 /Applications/KSK/IS/ayeyarwady-grill/backend/vendor/laravel/framework/src/Illuminate/Foundation/resources/server.php(23): require_once('/Applications/K...')
#66 {main}
"} 
[2026-09-02 16:49:31] local.ERROR: Pusher error: cURL error 7: Failed to connect to localhost port 8080 after 0 ms: Could not connect to server (see https://curl.se/libcurl/c/libcurl-errors.html) for http://localhost:8080/apps/ayeyarwady-grill/events?auth_key=local-reverb-key&auth_timestamp=1788344371&auth_version=1.0&body_md5=f6df8faccc17201140da44fe91655eab&auth_signature=e146e9ba21f321857844bd61db48510975f3f5c211de875f64c0f1075b6cf5a1. {"userId":1,"exception":"[object] (Illuminate\\Broadcasting\\BroadcastException(code: 0): Pusher error: cURL error 7: Failed to connect to localhost port 8080 after 0 ms: Could not connect to server (see https://curl.se/libcurl/c/libcurl-errors.html) for http://localhost:8080/apps/ayeyarwady-grill/events?auth_key=local-reverb-key&auth_timestamp=1788344371&auth_version=1.0&body_md5=f6df8faccc17201140da44fe91655eab&auth_signature=e146e9ba21f321857844bd61db48510975f3f5c211de875f64c0f1075b6cf5a1. at /Applications/KSK/IS/ayeyarwady-grill/backend/vendor/laravel/framework/src/Illuminate/Broadcasting/Broadcasters/PusherBroadcaster.php:164)
[stacktrace]
#0 /Applications/KSK/IS/ayeyarwady-grill/backend/vendor/laravel/framework/src/Illuminate/Broadcasting/BroadcastEvent.php(93): Illuminate\\Broadcasting\\Broadcasters\\PusherBroadcaster->broadcast(Object(Illuminate\\Support\\Collection), 'booking.new', Array)
#1 /Applications/KSK/IS/ayeyarwady-grill/backend/vendor/laravel/framework/src/Illuminate/Container/BoundMethod.php(36): Illuminate\\Broadcasting\\BroadcastEvent->handle(Object(Illuminate\\Broadcasting\\BroadcastManager))
#2 /Applications/KSK/IS/ayeyarwady-grill/backend/vendor/laravel/framework/src/Illuminate/Container/Util.php(43): Illuminate\\Container\\BoundMethod::{closure:Illuminate\\Container\\BoundMethod::call():35}()
#3 /Applications/KSK/IS/ayeyarwady-grill/backend/vendor/laravel/framework/src/Illuminate/Container/BoundMethod.php(95): Illuminate\\Container\\Util::unwrapIfClosure(Object(Closure))
#4 /Applications/KSK/IS/ayeyarwady-grill/backend/vendor/laravel/framework/src/Illuminate/Container/BoundMethod.php(35): Illuminate\\Container\\BoundMethod::callBoundMethod(Object(Illuminate\\Foundation\\Application), Array, Object(Closure))
#5 /Applications/KSK/IS/ayeyarwady-grill/backend/vendor/laravel/framework/src/Illuminate/Container/Container.php(696): Illuminate\\Container\\BoundMethod::call(Object(Illuminate\\Foundation\\Application), Array, Array, NULL)
#6 /Applications/KSK/IS/ayeyarwady-grill/backend/vendor/laravel/framework/src/Illuminate/Bus/Dispatcher.php(126): Illuminate\\Container\\Container->call(Array)
#7 /Applications/KSK/IS/ayeyarwady-grill/backend/vendor/laravel/framework/src/Illuminate/Pipeline/Pipeline.php(170): Illuminate\\Bus\\Dispatcher->{closure:Illuminate\\Bus\\Dispatcher::dispatchNow():123}(Object(Illuminate\\Broadcasting\\BroadcastEvent))
#8 /Applications/KSK/IS/ayeyarwady-grill/backend/vendor/laravel/framework/src/Illuminate/Pipeline/Pipeline.php(127): Illuminate\\Pipeline\\Pipeline->{closure:Illuminate\\Pipeline\\Pipeline::prepareDestination():168}(Object(Illuminate\\Broadcasting\\BroadcastEvent))
#9 /Applications/KSK/IS/ayeyarwady-grill/backend/vendor/laravel/framework/src/Illuminate/Bus/Dispatcher.php(130): Illuminate\\Pipeline\\Pipeline->then(Object(Closure))
#10 /Applications/KSK/IS/ayeyarwady-grill/backend/vendor/laravel/framework/src/Illuminate/Queue/CallQueuedHandler.php(126): Illuminate\\Bus\\Dispatcher->dispatchNow(Object(Illuminate\\Broadcasting\\BroadcastEvent), false)
#11 /Applications/KSK/IS/ayeyarwady-grill/backend/vendor/laravel/framework/src/Illuminate/Pipeline/Pipeline.php(170): Illuminate\\Queue\\CallQueuedHandler->{closure:Illuminate\\Queue\\CallQueuedHandler::dispatchThroughMiddleware():121}(Object(Illuminate\\Broadcasting\\BroadcastEvent))
#12 /Applications/KSK/IS/ayeyarwady-grill/backend/vendor/laravel/framework/src/Illuminate/Pipeline/Pipeline.php(127): Illuminate\\Pipeline\\Pipeline->{closure:Illuminate\\Pipeline\\Pipeline::prepareDestination():168}(Object(Illuminate\\Broadcasting\\BroadcastEvent))
#13 /Applications/KSK/IS/ayeyarwady-grill/backend/vendor/laravel/framework/src/Illuminate/Queue/CallQueuedHandler.php(121): Illuminate\\Pipeline\\Pipeline->then(Object(Closure))
#14 /Applications/KSK/IS/ayeyarwady-grill/backend/vendor/laravel/framework/src/Illuminate/Queue/CallQueuedHandler.php(69): Illuminate\\Queue\\CallQueuedHandler->dispatchThroughMiddleware(Object(Illuminate\\Queue\\Jobs\\SyncJob), Object(Illuminate\\Broadcasting\\BroadcastEvent))
#15 /Applications/KSK/IS/ayeyarwady-grill/backend/vendor/laravel/framework/src/Illuminate/Queue/Jobs/Job.php(102): Illuminate\\Queue\\CallQueuedHandler->call(Object(Illuminate\\Queue\\Jobs\\SyncJob), Array)
#16 /Applications/KSK/IS/ayeyarwady-grill/backend/vendor/laravel/framework/src/Illuminate/Queue/SyncQueue.php(76): Illuminate\\Queue\\Jobs\\Job->fire()
#17 /Applications/KSK/IS/ayeyarwady-grill/backend/vendor/laravel/framework/src/Illuminate/Queue/SyncQueue.php(56): Illuminate\\Queue\\SyncQueue->executeJob(Object(Illuminate\\Broadcasting\\BroadcastEvent), '', NULL)
#18 /Applications/KSK/IS/ayeyarwady-grill/backend/vendor/laravel/framework/src/Illuminate/Queue/Queue.php(59): Illuminate\\Queue\\SyncQueue->push(Object(Illuminate\\Broadcasting\\BroadcastEvent), '', NULL)
#19 /Applications/KSK/IS/ayeyarwady-grill/backend/vendor/laravel/framework/src/Illuminate/Broadcasting/BroadcastManager.php(207): Illuminate\\Queue\\Queue->pushOn(NULL, Object(Illuminate\\Broadcasting\\BroadcastEvent))
#20 /Applications/KSK/IS/ayeyarwady-grill/backend/vendor/laravel/framework/src/Illuminate/Events/Dispatcher.php(358): Illuminate\\Broadcasting\\BroadcastManager->queue(Object(App\\Events\\BookingCreated))
#21 /Applications/KSK/IS/ayeyarwady-grill/backend/vendor/laravel/framework/src/Illuminate/Events/Dispatcher.php(281): Illuminate\\Events\\Dispatcher->broadcastEvent(Object(App\\Events\\BookingCreated))
#22 /Applications/KSK/IS/ayeyarwady-grill/backend/vendor/laravel/framework/src/Illuminate/Events/Dispatcher.php(267): Illuminate\\Events\\Dispatcher->invokeListeners('App\\\\Events\\\\Book...', Array, false)
#23 /Applications/KSK/IS/ayeyarwady-grill/backend/vendor/laravel/framework/src/Illuminate/Broadcasting/PendingBroadcast.php(72): Illuminate\\Events\\Dispatcher->dispatch('App\\\\Events\\\\Book...')
#24 /Applications/KSK/IS/ayeyarwady-grill/backend/vendor/laravel/framework/src/Illuminate/Foundation/helpers.php(223): Illuminate\\Broadcasting\\PendingBroadcast->__destruct()
#25 /Applications/KSK/IS/ayeyarwady-grill/backend/app/Http/Controllers/Api/BookingController.php(95): broadcast(Object(App\\Events\\BookingCreated))
#26 /Applications/KSK/IS/ayeyarwady-grill/backend/vendor/laravel/framework/src/Illuminate/Routing/ControllerDispatcher.php(47): App\\Http\\Controllers\\Api\\BookingController->store(Object(Illuminate\\Http\\Request))
#27 /Applications/KSK/IS/ayeyarwady-grill/backend/vendor/laravel/framework/src/Illuminate/Routing/Route.php(266): Illuminate\\Routing\\ControllerDispatcher->dispatch(Object(Illuminate\\Routing\\Route), Object(App\\Http\\Controllers\\Api\\BookingController), 'store')
#28 /Applications/KSK/IS/ayeyarwady-grill/backend/vendor/laravel/framework/src/Illuminate/Routing/Route.php(212): Illuminate\\Routing\\Route->runController()
#29 /Applications/KSK/IS/ayeyarwady-grill/backend/vendor/laravel/framework/src/Illuminate/Routing/Router.php(808): Illuminate\\Routing\\Route->run()
#30 /Applications/KSK/IS/ayeyarwady-grill/backend/vendor/laravel/framework/src/Illuminate/Pipeline/Pipeline.php(170): Illuminate\\Routing\\Router->{closure:Illuminate\\Routing\\Router::runRouteWithinStack():807}(Object(Illuminate\\Http\\Request))
#31 /Applications/KSK/IS/ayeyarwady-grill/backend/app/Http/Middleware/RoleMiddleware.php(39): Illuminate\\Pipeline\\Pipeline->{closure:Illuminate\\Pipeline\\Pipeline::prepareDestination():168}(Object(Illuminate\\Http\\Request))
#32 /Applications/KSK/IS/ayeyarwady-grill/backend/vendor/laravel/framework/src/Illuminate/Pipeline/Pipeline.php(209): App\\Http\\Middleware\\RoleMiddleware->handle(Object(Illuminate\\Http\\Request), Object(Closure), 'customer')
#33 /Applications/KSK/IS/ayeyarwady-grill/backend/vendor/laravel/framework/src/Illuminate/Routing/Middleware/SubstituteBindings.php(51): Illuminate\\Pipeline\\Pipeline->{closure:{closure:Illuminate\\Pipeline\\Pipeline::carry():184}:185}(Object(Illuminate\\Http\\Request))
#34 /Applications/KSK/IS/ayeyarwady-grill/backend/vendor/laravel/framework/src/Illuminate/Pipeline/Pipeline.php(209): Illuminate\\Routing\\Middleware\\SubstituteBindings->handle(Object(Illuminate\\Http\\Request), Object(Closure))
#35 /Applications/KSK/IS/ayeyarwady-grill/backend/vendor/laravel/framework/src/Illuminate/Auth/Middleware/Authenticate.php(64): Illuminate\\Pipeline\\Pipeline->{closure:{closure:Illuminate\\Pipeline\\Pipeline::carry():184}:185}(Object(Illuminate\\Http\\Request))
#36 /Applications/KSK/IS/ayeyarwady-grill/backend/vendor/laravel/framework/src/Illuminate/Pipeline/Pipeline.php(209): Illuminate\\Auth\\Middleware\\Authenticate->handle(Object(Illuminate\\Http\\Request), Object(Closure), 'sanctum')
#37 /Applications/KSK/IS/ayeyarwady-grill/backend/vendor/laravel/framework/src/Illuminate/Pipeline/Pipeline.php(127): Illuminate\\Pipeline\\Pipeline->{closure:{closure:Illuminate\\Pipeline\\Pipeline::carry():184}:185}(Object(Illuminate\\Http\\Request))
#38 /Applications/KSK/IS/ayeyarwady-grill/backend/vendor/laravel/framework/src/Illuminate/Routing/Router.php(807): Illuminate\\Pipeline\\Pipeline->then(Object(Closure))
#39 /Applications/KSK/IS/ayeyarwady-grill/backend/vendor/laravel/framework/src/Illuminate/Routing/Router.php(786): Illuminate\\Routing\\Router->runRouteWithinStack(Object(Illuminate\\Routing\\Route), Object(Illuminate\\Http\\Request))
#40 /Applications/KSK/IS/ayeyarwady-grill/backend/vendor/laravel/framework/src/Illuminate/Routing/Router.php(750): Illuminate\\Routing\\Router->runRoute(Object(Illuminate\\Http\\Request), Object(Illuminate\\Routing\\Route))
#41 /Applications/KSK/IS/ayeyarwady-grill/backend/vendor/laravel/framework/src/Illuminate/Routing/Router.php(739): Illuminate\\Routing\\Router->dispatchToRoute(Object(Illuminate\\Http\\Request))
#42 /Applications/KSK/IS/ayeyarwady-grill/backend/vendor/laravel/framework/src/Illuminate/Foundation/Http/Kernel.php(201): Illuminate\\Routing\\Router->dispatch(Object(Illuminate\\Http\\Request))
#43 /Applications/KSK/IS/ayeyarwady-grill/backend/vendor/laravel/framework/src/Illuminate/Pipeline/Pipeline.php(170): Illuminate\\Foundation\\Http\\Kernel->{closure:Illuminate\\Foundation\\Http\\Kernel::dispatchToRouter():198}(Object(Illuminate\\Http\\Request))
#44 /Applications/KSK/IS/ayeyarwady-grill/backend/vendor/laravel/framework/src/Illuminate/Foundation/Http/Middleware/TransformsRequest.php(21): Illuminate\\Pipeline\\Pipeline->{closure:Illuminate\\Pipeline\\Pipeline::prepareDestination():168}(Object(Illuminate\\Http\\Request))
#45 /Applications/KSK/IS/ayeyarwady-grill/backend/vendor/laravel/framework/src/Illuminate/Foundation/Http/Middleware/ConvertEmptyStringsToNull.php(31): Illuminate\\Foundation\\Http\\Middleware\\TransformsRequest->handle(Object(Illuminate\\Http\\Request), Object(Closure))
#46 /Applications/KSK/IS/ayeyarwady-grill/backend/vendor/laravel/framework/src/Illuminate/Pipeline/Pipeline.php(209): Illuminate\\Foundation\\Http\\Middleware\\ConvertEmptyStringsToNull->handle(Object(Illuminate\\Http\\Request), Object(Closure))
#47 /Applications/KSK/IS/ayeyarwady-grill/backend/vendor/laravel/framework/src/Illuminate/Foundation/Http/Middleware/TransformsRequest.php(21): Illuminate\\Pipeline\\Pipeline->{closure:{closure:Illuminate\\Pipeline\\Pipeline::carry():184}:185}(Object(Illuminate\\Http\\Request))
#48 /Applications/KSK/IS/ayeyarwady-grill/backend/vendor/laravel/framework/src/Illuminate/Foundation/Http/Middleware/TrimStrings.php(51): Illuminate\\Foundation\\Http\\Middleware\\TransformsRequest->handle(Object(Illuminate\\Http\\Request), Object(Closure))
#49 /Applications/KSK/IS/ayeyarwady-grill/backend/vendor/laravel/framework/src/Illuminate/Pipeline/Pipeline.php(209): Illuminate\\Foundation\\Http\\Middleware\\TrimStrings->handle(Object(Illuminate\\Http\\Request), Object(Closure))
#50 /Applications/KSK/IS/ayeyarwady-grill/backend/vendor/laravel/framework/src/Illuminate/Http/Middleware/ValidatePostSize.php(27): Illuminate\\Pipeline\\Pipeline->{closure:{closure:Illuminate\\Pipeline\\Pipeline::carry():184}:185}(Object(Illuminate\\Http\\Request))
#51 /Applications/KSK/IS/ayeyarwady-grill/backend/vendor/laravel/framework/src/Illuminate/Pipeline/Pipeline.php(209): Illuminate\\Http\\Middleware\\ValidatePostSize->handle(Object(Illuminate\\Http\\Request), Object(Closure))
#52 /Applications/KSK/IS/ayeyarwady-grill/backend/vendor/laravel/framework/src/Illuminate/Foundation/Http/Middleware/PreventRequestsDuringMaintenance.php(110): Illuminate\\Pipeline\\Pipeline->{closure:{closure:Illuminate\\Pipeline\\Pipeline::carry():184}:185}(Object(Illuminate\\Http\\Request))
#53 /Applications/KSK/IS/ayeyarwady-grill/backend/vendor/laravel/framework/src/Illuminate/Pipeline/Pipeline.php(209): Illuminate\\Foundation\\Http\\Middleware\\PreventRequestsDuringMaintenance->handle(Object(Illuminate\\Http\\Request), Object(Closure))
#54 /Applications/KSK/IS/ayeyarwady-grill/backend/vendor/laravel/framework/src/Illuminate/Http/Middleware/HandleCors.php(62): Illuminate\\Pipeline\\Pipeline->{closure:{closure:Illuminate\\Pipeline\\Pipeline::carry():184}:185}(Object(Illuminate\\Http\\Request))
#55 /Applications/KSK/IS/ayeyarwady-grill/backend/vendor/laravel/framework/src/Illuminate/Pipeline/Pipeline.php(209): Illuminate\\Http\\Middleware\\HandleCors->handle(Object(Illuminate\\Http\\Request), Object(Closure))
#56 /Applications/KSK/IS/ayeyarwady-grill/backend/vendor/laravel/framework/src/Illuminate/Http/Middleware/TrustProxies.php(58): Illuminate\\Pipeline\\Pipeline->{closure:{closure:Illuminate\\Pipeline\\Pipeline::carry():184}:185}(Object(Illuminate\\Http\\Request))
#57 /Applications/KSK/IS/ayeyarwady-grill/backend/vendor/laravel/framework/src/Illuminate/Pipeline/Pipeline.php(209): Illuminate\\Http\\Middleware\\TrustProxies->handle(Object(Illuminate\\Http\\Request), Object(Closure))
#58 /Applications/KSK/IS/ayeyarwady-grill/backend/vendor/laravel/framework/src/Illuminate/Foundation/Http/Middleware/InvokeDeferredCallbacks.php(22): Illuminate\\Pipeline\\Pipeline->{closure:{closure:Illuminate\\Pipeline\\Pipeline::carry():184}:185}(Object(Illuminate\\Http\\Request))
#59 /Applications/KSK/IS/ayeyarwady-grill/backend/vendor/laravel/framework/src/Illuminate/Pipeline/Pipeline.php(209): Illuminate\\Foundation\\Http\\Middleware\\InvokeDeferredCallbacks->handle(Object(Illuminate\\Http\\Request), Object(Closure))
#60 /Applications/KSK/IS/ayeyarwady-grill/backend/vendor/laravel/framework/src/Illuminate/Pipeline/Pipeline.php(127): Illuminate\\Pipeline\\Pipeline->{closure:{closure:Illuminate\\Pipeline\\Pipeline::carry():184}:185}(Object(Illuminate\\Http\\Request))
#61 /Applications/KSK/IS/ayeyarwady-grill/backend/vendor/laravel/framework/src/Illuminate/Foundation/Http/Kernel.php(176): Illuminate\\Pipeline\\Pipeline->then(Object(Closure))
#62 /Applications/KSK/IS/ayeyarwady-grill/backend/vendor/laravel/framework/src/Illuminate/Foundation/Http/Kernel.php(145): Illuminate\\Foundation\\Http\\Kernel->sendRequestThroughRouter(Object(Illuminate\\Http\\Request))
#63 /Applications/KSK/IS/ayeyarwady-grill/backend/vendor/laravel/framework/src/Illuminate/Foundation/Application.php(1220): Illuminate\\Foundation\\Http\\Kernel->handle(Object(Illuminate\\Http\\Request))
#64 /Applications/KSK/IS/ayeyarwady-grill/backend/public/index.php(21): Illuminate\\Foundation\\Application->handleRequest(Object(Illuminate\\Http\\Request))
#65 /Applications/KSK/IS/ayeyarwady-grill/backend/vendor/laravel/framework/src/Illuminate/Foundation/resources/server.php(23): require_once('/Applications/K...')
#66 {main}
"} 
[2026-09-02 16:49:32] local.ERROR: Pusher error: cURL error 7: Failed to connect to localhost port 8080 after 0 ms: Could not connect to server (see https://curl.se/libcurl/c/libcurl-errors.html) for http://localhost:8080/apps/ayeyarwady-grill/events?auth_key=local-reverb-key&auth_timestamp=1788344372&auth_version=1.0&body_md5=09229b877c3b0e6e9116c73a3a19d5ce&auth_signature=43dea6be881ad73b33367169b44b0e788ffee63bed7073b0539f8696c9826275. {"userId":1,"exception":"[object] (Illuminate\\Broadcasting\\BroadcastException(code: 0): Pusher error: cURL error 7: Failed to connect to localhost port 8080 after 0 ms: Could not connect to server (see https://curl.se/libcurl/c/libcurl-errors.html) for http://localhost:8080/apps/ayeyarwady-grill/events?auth_key=local-reverb-key&auth_timestamp=1788344372&auth_version=1.0&body_md5=09229b877c3b0e6e9116c73a3a19d5ce&auth_signature=43dea6be881ad73b33367169b44b0e788ffee63bed7073b0539f8696c9826275. at /Applications/KSK/IS/ayeyarwady-grill/backend/vendor/laravel/framework/src/Illuminate/Broadcasting/Broadcasters/PusherBroadcaster.php:164)
[stacktrace]
#0 /Applications/KSK/IS/ayeyarwady-grill/backend/vendor/laravel/framework/src/Illuminate/Broadcasting/BroadcastEvent.php(93): Illuminate\\Broadcasting\\Broadcasters\\PusherBroadcaster->broadcast(Object(Illuminate\\Support\\Collection), 'booking.new', Array)
#1 /Applications/KSK/IS/ayeyarwady-grill/backend/vendor/laravel/framework/src/Illuminate/Container/BoundMethod.php(36): Illuminate\\Broadcasting\\BroadcastEvent->handle(Object(Illuminate\\Broadcasting\\BroadcastManager))
#2 /Applications/KSK/IS/ayeyarwady-grill/backend/vendor/laravel/framework/src/Illuminate/Container/Util.php(43): Illuminate\\Container\\BoundMethod::{closure:Illuminate\\Container\\BoundMethod::call():35}()
#3 /Applications/KSK/IS/ayeyarwady-grill/backend/vendor/laravel/framework/src/Illuminate/Container/BoundMethod.php(95): Illuminate\\Container\\Util::unwrapIfClosure(Object(Closure))
#4 /Applications/KSK/IS/ayeyarwady-grill/backend/vendor/laravel/framework/src/Illuminate/Container/BoundMethod.php(35): Illuminate\\Container\\BoundMethod::callBoundMethod(Object(Illuminate\\Foundation\\Application), Array, Object(Closure))
#5 /Applications/KSK/IS/ayeyarwady-grill/backend/vendor/laravel/framework/src/Illuminate/Container/Container.php(696): Illuminate\\Container\\BoundMethod::call(Object(Illuminate\\Foundation\\Application), Array, Array, NULL)
#6 /Applications/KSK/IS/ayeyarwady-grill/backend/vendor/laravel/framework/src/Illuminate/Bus/Dispatcher.php(126): Illuminate\\Container\\Container->call(Array)
#7 /Applications/KSK/IS/ayeyarwady-grill/backend/vendor/laravel/framework/src/Illuminate/Pipeline/Pipeline.php(170): Illuminate\\Bus\\Dispatcher->{closure:Illuminate\\Bus\\Dispatcher::dispatchNow():123}(Object(Illuminate\\Broadcasting\\BroadcastEvent))
#8 /Applications/KSK/IS/ayeyarwady-grill/backend/vendor/laravel/framework/src/Illuminate/Pipeline/Pipeline.php(127): Illuminate\\Pipeline\\Pipeline->{closure:Illuminate\\Pipeline\\Pipeline::prepareDestination():168}(Object(Illuminate\\Broadcasting\\BroadcastEvent))
#9 /Applications/KSK/IS/ayeyarwady-grill/backend/vendor/laravel/framework/src/Illuminate/Bus/Dispatcher.php(130): Illuminate\\Pipeline\\Pipeline->then(Object(Closure))
#10 /Applications/KSK/IS/ayeyarwady-grill/backend/vendor/laravel/framework/src/Illuminate/Queue/CallQueuedHandler.php(126): Illuminate\\Bus\\Dispatcher->dispatchNow(Object(Illuminate\\Broadcasting\\BroadcastEvent), false)
#11 /Applications/KSK/IS/ayeyarwady-grill/backend/vendor/laravel/framework/src/Illuminate/Pipeline/Pipeline.php(170): Illuminate\\Queue\\CallQueuedHandler->{closure:Illuminate\\Queue\\CallQueuedHandler::dispatchThroughMiddleware():121}(Object(Illuminate\\Broadcasting\\BroadcastEvent))
#12 /Applications/KSK/IS/ayeyarwady-grill/backend/vendor/laravel/framework/src/Illuminate/Pipeline/Pipeline.php(127): Illuminate\\Pipeline\\Pipeline->{closure:Illuminate\\Pipeline\\Pipeline::prepareDestination():168}(Object(Illuminate\\Broadcasting\\BroadcastEvent))
#13 /Applications/KSK/IS/ayeyarwady-grill/backend/vendor/laravel/framework/src/Illuminate/Queue/CallQueuedHandler.php(121): Illuminate\\Pipeline\\Pipeline->then(Object(Closure))
#14 /Applications/KSK/IS/ayeyarwady-grill/backend/vendor/laravel/framework/src/Illuminate/Queue/CallQueuedHandler.php(69): Illuminate\\Queue\\CallQueuedHandler->dispatchThroughMiddleware(Object(Illuminate\\Queue\\Jobs\\SyncJob), Object(Illuminate\\Broadcasting\\BroadcastEvent))
#15 /Applications/KSK/IS/ayeyarwady-grill/backend/vendor/laravel/framework/src/Illuminate/Queue/Jobs/Job.php(102): Illuminate\\Queue\\CallQueuedHandler->call(Object(Illuminate\\Queue\\Jobs\\SyncJob), Array)
#16 /Applications/KSK/IS/ayeyarwady-grill/backend/vendor/laravel/framework/src/Illuminate/Queue/SyncQueue.php(76): Illuminate\\Queue\\Jobs\\Job->fire()
#17 /Applications/KSK/IS/ayeyarwady-grill/backend/vendor/laravel/framework/src/Illuminate/Queue/SyncQueue.php(56): Illuminate\\Queue\\SyncQueue->executeJob(Object(Illuminate\\Broadcasting\\BroadcastEvent), '', NULL)
#18 /Applications/KSK/IS/ayeyarwady-grill/backend/vendor/laravel/framework/src/Illuminate/Queue/Queue.php(59): Illuminate\\Queue\\SyncQueue->push(Object(Illuminate\\Broadcasting\\BroadcastEvent), '', NULL)
#19 /Applications/KSK/IS/ayeyarwady-grill/backend/vendor/laravel/framework/src/Illuminate/Broadcasting/BroadcastManager.php(207): Illuminate\\Queue\\Queue->pushOn(NULL, Object(Illuminate\\Broadcasting\\BroadcastEvent))
#20 /Applications/KSK/IS/ayeyarwady-grill/backend/vendor/laravel/framework/src/Illuminate/Events/Dispatcher.php(358): Illuminate\\Broadcasting\\BroadcastManager->queue(Object(App\\Events\\BookingCreated))
#21 /Applications/KSK/IS/ayeyarwady-grill/backend/vendor/laravel/framework/src/Illuminate/Events/Dispatcher.php(281): Illuminate\\Events\\Dispatcher->broadcastEvent(Object(App\\Events\\BookingCreated))
#22 /Applications/KSK/IS/ayeyarwady-grill/backend/vendor/laravel/framework/src/Illuminate/Events/Dispatcher.php(267): Illuminate\\Events\\Dispatcher->invokeListeners('App\\\\Events\\\\Book...', Array, false)
#23 /Applications/KSK/IS/ayeyarwady-grill/backend/vendor/laravel/framework/src/Illuminate/Broadcasting/PendingBroadcast.php(72): Illuminate\\Events\\Dispatcher->dispatch('App\\\\Events\\\\Book...')
#24 /Applications/KSK/IS/ayeyarwady-grill/backend/vendor/laravel/framework/src/Illuminate/Foundation/helpers.php(223): Illuminate\\Broadcasting\\PendingBroadcast->__destruct()
#25 /Applications/KSK/IS/ayeyarwady-grill/backend/app/Http/Controllers/Api/BookingController.php(95): broadcast(Object(App\\Events\\BookingCreated))
#26 /Applications/KSK/IS/ayeyarwady-grill/backend/vendor/laravel/framework/src/Illuminate/Routing/ControllerDispatcher.php(47): App\\Http\\Controllers\\Api\\BookingController->store(Object(Illuminate\\Http\\Request))
#27 /Applications/KSK/IS/ayeyarwady-grill/backend/vendor/laravel/framework/src/Illuminate/Routing/Route.php(266): Illuminate\\Routing\\ControllerDispatcher->dispatch(Object(Illuminate\\Routing\\Route), Object(App\\Http\\Controllers\\Api\\BookingController), 'store')
#28 /Applications/KSK/IS/ayeyarwady-grill/backend/vendor/laravel/framework/src/Illuminate/Routing/Route.php(212): Illuminate\\Routing\\Route->runController()
#29 /Applications/KSK/IS/ayeyarwady-grill/backend/vendor/laravel/framework/src/Illuminate/Routing/Router.php(808): Illuminate\\Routing\\Route->run()
#30 /Applications/KSK/IS/ayeyarwady-grill/backend/vendor/laravel/framework/src/Illuminate/Pipeline/Pipeline.php(170): Illuminate\\Routing\\Router->{closure:Illuminate\\Routing\\Router::runRouteWithinStack():807}(Object(Illuminate\\Http\\Request))
#31 /Applications/KSK/IS/ayeyarwady-grill/backend/app/Http/Middleware/RoleMiddleware.php(39): Illuminate\\Pipeline\\Pipeline->{closure:Illuminate\\Pipeline\\Pipeline::prepareDestination():168}(Object(Illuminate\\Http\\Request))
#32 /Applications/KSK/IS/ayeyarwady-grill/backend/vendor/laravel/framework/src/Illuminate/Pipeline/Pipeline.php(209): App\\Http\\Middleware\\RoleMiddleware->handle(Object(Illuminate\\Http\\Request), Object(Closure), 'customer')
#33 /Applications/KSK/IS/ayeyarwady-grill/backend/vendor/laravel/framework/src/Illuminate/Routing/Middleware/SubstituteBindings.php(51): Illuminate\\Pipeline\\Pipeline->{closure:{closure:Illuminate\\Pipeline\\Pipeline::carry():184}:185}(Object(Illuminate\\Http\\Request))
#34 /Applications/KSK/IS/ayeyarwady-grill/backend/vendor/laravel/framework/src/Illuminate/Pipeline/Pipeline.php(209): Illuminate\\Routing\\Middleware\\SubstituteBindings->handle(Object(Illuminate\\Http\\Request), Object(Closure))
#35 /Applications/KSK/IS/ayeyarwady-grill/backend/vendor/laravel/framework/src/Illuminate/Auth/Middleware/Authenticate.php(64): Illuminate\\Pipeline\\Pipeline->{closure:{closure:Illuminate\\Pipeline\\Pipeline::carry():184}:185}(Object(Illuminate\\Http\\Request))
#36 /Applications/KSK/IS/ayeyarwady-grill/backend/vendor/laravel/framework/src/Illuminate/Pipeline/Pipeline.php(209): Illuminate\\Auth\\Middleware\\Authenticate->handle(Object(Illuminate\\Http\\Request), Object(Closure), 'sanctum')
#37 /Applications/KSK/IS/ayeyarwady-grill/backend/vendor/laravel/framework/src/Illuminate/Pipeline/Pipeline.php(127): Illuminate\\Pipeline\\Pipeline->{closure:{closure:Illuminate\\Pipeline\\Pipeline::carry():184}:185}(Object(Illuminate\\Http\\Request))
#38 /Applications/KSK/IS/ayeyarwady-grill/backend/vendor/laravel/framework/src/Illuminate/Routing/Router.php(807): Illuminate\\Pipeline\\Pipeline->then(Object(Closure))
#39 /Applications/KSK/IS/ayeyarwady-grill/backend/vendor/laravel/framework/src/Illuminate/Routing/Router.php(786): Illuminate\\Routing\\Router->runRouteWithinStack(Object(Illuminate\\Routing\\Route), Object(Illuminate\\Http\\Request))
#40 /Applications/KSK/IS/ayeyarwady-grill/backend/vendor/laravel/framework/src/Illuminate/Routing/Router.php(750): Illuminate\\Routing\\Router->runRoute(Object(Illuminate\\Http\\Request), Object(Illuminate\\Routing\\Route))
#41 /Applications/KSK/IS/ayeyarwady-grill/backend/vendor/laravel/framework/src/Illuminate/Routing/Router.php(739): Illuminate\\Routing\\Router->dispatchToRoute(Object(Illuminate\\Http\\Request))
#42 /Applications/KSK/IS/ayeyarwady-grill/backend/vendor/laravel/framework/src/Illuminate/Foundation/Http/Kernel.php(201): Illuminate\\Routing\\Router->dispatch(Object(Illuminate\\Http\\Request))
#43 /Applications/KSK/IS/ayeyarwady-grill/backend/vendor/laravel/framework/src/Illuminate/Pipeline/Pipeline.php(170): Illuminate\\Foundation\\Http\\Kernel->{closure:Illuminate\\Foundation\\Http\\Kernel::dispatchToRouter():198}(Object(Illuminate\\Http\\Request))
#44 /Applications/KSK/IS/ayeyarwady-grill/backend/vendor/laravel/framework/src/Illuminate/Foundation/Http/Middleware/TransformsRequest.php(21): Illuminate\\Pipeline\\Pipeline->{closure:Illuminate\\Pipeline\\Pipeline::prepareDestination():168}(Object(Illuminate\\Http\\Request))
#45 /Applications/KSK/IS/ayeyarwady-grill/backend/vendor/laravel/framework/src/Illuminate/Foundation/Http/Middleware/ConvertEmptyStringsToNull.php(31): Illuminate\\Foundation\\Http\\Middleware\\TransformsRequest->handle(Object(Illuminate\\Http\\Request), Object(Closure))
#46 /Applications/KSK/IS/ayeyarwady-grill/backend/vendor/laravel/framework/src/Illuminate/Pipeline/Pipeline.php(209): Illuminate\\Foundation\\Http\\Middleware\\ConvertEmptyStringsToNull->handle(Object(Illuminate\\Http\\Request), Object(Closure))
#47 /Applications/KSK/IS/ayeyarwady-grill/backend/vendor/laravel/framework/src/Illuminate/Foundation/Http/Middleware/TransformsRequest.php(21): Illuminate\\Pipeline\\Pipeline->{closure:{closure:Illuminate\\Pipeline\\Pipeline::carry():184}:185}(Object(Illuminate\\Http\\Request))
#48 /Applications/KSK/IS/ayeyarwady-grill/backend/vendor/laravel/framework/src/Illuminate/Foundation/Http/Middleware/TrimStrings.php(51): Illuminate\\Foundation\\Http\\Middleware\\TransformsRequest->handle(Object(Illuminate\\Http\\Request), Object(Closure))
#49 /Applications/KSK/IS/ayeyarwady-grill/backend/vendor/laravel/framework/src/Illuminate/Pipeline/Pipeline.php(209): Illuminate\\Foundation\\Http\\Middleware\\TrimStrings->handle(Object(Illuminate\\Http\\Request), Object(Closure))
#50 /Applications/KSK/IS/ayeyarwady-grill/backend/vendor/laravel/framework/src/Illuminate/Http/Middleware/ValidatePostSize.php(27): Illuminate\\Pipeline\\Pipeline->{closure:{closure:Illuminate\\Pipeline\\Pipeline::carry():184}:185}(Object(Illuminate\\Http\\Request))
#51 /Applications/KSK/IS/ayeyarwady-grill/backend/vendor/laravel/framework/src/Illuminate/Pipeline/Pipeline.php(209): Illuminate\\Http\\Middleware\\ValidatePostSize->handle(Object(Illuminate\\Http\\Request), Object(Closure))
#52 /Applications/KSK/IS/ayeyarwady-grill/backend/vendor/laravel/framework/src/Illuminate/Foundation/Http/Middleware/PreventRequestsDuringMaintenance.php(110): Illuminate\\Pipeline\\Pipeline->{closure:{closure:Illuminate\\Pipeline\\Pipeline::carry():184}:185}(Object(Illuminate\\Http\\Request))
#53 /Applications/KSK/IS/ayeyarwady-grill/backend/vendor/laravel/framework/src/Illuminate/Pipeline/Pipeline.php(209): Illuminate\\Foundation\\Http\\Middleware\\PreventRequestsDuringMaintenance->handle(Object(Illuminate\\Http\\Request), Object(Closure))
#54 /Applications/KSK/IS/ayeyarwady-grill/backend/vendor/laravel/framework/src/Illuminate/Http/Middleware/HandleCors.php(62): Illuminate\\Pipeline\\Pipeline->{closure:{closure:Illuminate\\Pipeline\\Pipeline::carry():184}:185}(Object(Illuminate\\Http\\Request))
#55 /Applications/KSK/IS/ayeyarwady-grill/backend/vendor/laravel/framework/src/Illuminate/Pipeline/Pipeline.php(209): Illuminate\\Http\\Middleware\\HandleCors->handle(Object(Illuminate\\Http\\Request), Object(Closure))
#56 /Applications/KSK/IS/ayeyarwady-grill/backend/vendor/laravel/framework/src/Illuminate/Http/Middleware/TrustProxies.php(58): Illuminate\\Pipeline\\Pipeline->{closure:{closure:Illuminate\\Pipeline\\Pipeline::carry():184}:185}(Object(Illuminate\\Http\\Request))
#57 /Applications/KSK/IS/ayeyarwady-grill/backend/vendor/laravel/framework/src/Illuminate/Pipeline/Pipeline.php(209): Illuminate\\Http\\Middleware\\TrustProxies->handle(Object(Illuminate\\Http\\Request), Object(Closure))
#58 /Applications/KSK/IS/ayeyarwady-grill/backend/vendor/laravel/framework/src/Illuminate/Foundation/Http/Middleware/InvokeDeferredCallbacks.php(22): Illuminate\\Pipeline\\Pipeline->{closure:{closure:Illuminate\\Pipeline\\Pipeline::carry():184}:185}(Object(Illuminate\\Http\\Request))
#59 /Applications/KSK/IS/ayeyarwady-grill/backend/vendor/laravel/framework/src/Illuminate/Pipeline/Pipeline.php(209): Illuminate\\Foundation\\Http\\Middleware\\InvokeDeferredCallbacks->handle(Object(Illuminate\\Http\\Request), Object(Closure))
#60 /Applications/KSK/IS/ayeyarwady-grill/backend/vendor/laravel/framework/src/Illuminate/Pipeline/Pipeline.php(127): Illuminate\\Pipeline\\Pipeline->{closure:{closure:Illuminate\\Pipeline\\Pipeline::carry():184}:185}(Object(Illuminate\\Http\\Request))
#61 /Applications/KSK/IS/ayeyarwady-grill/backend/vendor/laravel/framework/src/Illuminate/Foundation/Http/Kernel.php(176): Illuminate\\Pipeline\\Pipeline->then(Object(Closure))
#62 /Applications/KSK/IS/ayeyarwady-grill/backend/vendor/laravel/framework/src/Illuminate/Foundation/Http/Kernel.php(145): Illuminate\\Foundation\\Http\\Kernel->sendRequestThroughRouter(Object(Illuminate\\Http\\Request))
#63 /Applications/KSK/IS/ayeyarwady-grill/backend/vendor/laravel/framework/src/Illuminate/Foundation/Application.php(1220): Illuminate\\Foundation\\Http\\Kernel->handle(Object(Illuminate\\Http\\Request))
#64 /Applications/KSK/IS/ayeyarwady-grill/backend/public/index.php(21): Illuminate\\Foundation\\Application->handleRequest(Object(Illuminate\\Http\\Request))
#65 /Applications/KSK/IS/ayeyarwady-grill/backend/vendor/laravel/framework/src/Illuminate/Foundation/resources/server.php(23): require_once('/Applications/K...')
#66 {main}
"} 
[2026-09-02 16:49:32] local.ERROR: Pusher error: cURL error 7: Failed to connect to localhost port 8080 after 0 ms: Could not connect to server (see https://curl.se/libcurl/c/libcurl-errors.html) for http://localhost:8080/apps/ayeyarwady-grill/events?auth_key=local-reverb-key&auth_timestamp=1788344372&auth_version=1.0&body_md5=0e44d760dca35c0295fb05f55436e09b&auth_signature=d116965427030066d02d99ab5898ca0fc4ec668af98958335954058c44bc07c1. {"userId":1,"exception":"[object] (Illuminate\\Broadcasting\\BroadcastException(code: 0): Pusher error: cURL error 7: Failed to connect to localhost port 8080 after 0 ms: Could not connect to server (see https://curl.se/libcurl/c/libcurl-errors.html) for http://localhost:8080/apps/ayeyarwady-grill/events?auth_key=local-reverb-key&auth_timestamp=1788344372&auth_version=1.0&body_md5=0e44d760dca35c0295fb05f55436e09b&auth_signature=d116965427030066d02d99ab5898ca0fc4ec668af98958335954058c44bc07c1. at /Applications/KSK/IS/ayeyarwady-grill/backend/vendor/laravel/framework/src/Illuminate/Broadcasting/Broadcasters/PusherBroadcaster.php:164)
[stacktrace]
#0 /Applications/KSK/IS/ayeyarwady-grill/backend/vendor/laravel/framework/src/Illuminate/Broadcasting/BroadcastEvent.php(93): Illuminate\\Broadcasting\\Broadcasters\\PusherBroadcaster->broadcast(Object(Illuminate\\Support\\Collection), 'booking.new', Array)
#1 /Applications/KSK/IS/ayeyarwady-grill/backend/vendor/laravel/framework/src/Illuminate/Container/BoundMethod.php(36): Illuminate\\Broadcasting\\BroadcastEvent->handle(Object(Illuminate\\Broadcasting\\BroadcastManager))
#2 /Applications/KSK/IS/ayeyarwady-grill/backend/vendor/laravel/framework/src/Illuminate/Container/Util.php(43): Illuminate\\Container\\BoundMethod::{closure:Illuminate\\Container\\BoundMethod::call():35}()
#3 /Applications/KSK/IS/ayeyarwady-grill/backend/vendor/laravel/framework/src/Illuminate/Container/BoundMethod.php(95): Illuminate\\Container\\Util::unwrapIfClosure(Object(Closure))
#4 /Applications/KSK/IS/ayeyarwady-grill/backend/vendor/laravel/framework/src/Illuminate/Container/BoundMethod.php(35): Illuminate\\Container\\BoundMethod::callBoundMethod(Object(Illuminate\\Foundation\\Application), Array, Object(Closure))
#5 /Applications/KSK/IS/ayeyarwady-grill/backend/vendor/laravel/framework/src/Illuminate/Container/Container.php(696): Illuminate\\Container\\BoundMethod::call(Object(Illuminate\\Foundation\\Application), Array, Array, NULL)
#6 /Applications/KSK/IS/ayeyarwady-grill/backend/vendor/laravel/framework/src/Illuminate/Bus/Dispatcher.php(126): Illuminate\\Container\\Container->call(Array)
#7 /Applications/KSK/IS/ayeyarwady-grill/backend/vendor/laravel/framework/src/Illuminate/Pipeline/Pipeline.php(170): Illuminate\\Bus\\Dispatcher->{closure:Illuminate\\Bus\\Dispatcher::dispatchNow():123}(Object(Illuminate\\Broadcasting\\BroadcastEvent))
#8 /Applications/KSK/IS/ayeyarwady-grill/backend/vendor/laravel/framework/src/Illuminate/Pipeline/Pipeline.php(127): Illuminate\\Pipeline\\Pipeline->{closure:Illuminate\\Pipeline\\Pipeline::prepareDestination():168}(Object(Illuminate\\Broadcasting\\BroadcastEvent))
#9 /Applications/KSK/IS/ayeyarwady-grill/backend/vendor/laravel/framework/src/Illuminate/Bus/Dispatcher.php(130): Illuminate\\Pipeline\\Pipeline->then(Object(Closure))
#10 /Applications/KSK/IS/ayeyarwady-grill/backend/vendor/laravel/framework/src/Illuminate/Queue/CallQueuedHandler.php(126): Illuminate\\Bus\\Dispatcher->dispatchNow(Object(Illuminate\\Broadcasting\\BroadcastEvent), false)
#11 /Applications/KSK/IS/ayeyarwady-grill/backend/vendor/laravel/framework/src/Illuminate/Pipeline/Pipeline.php(170): Illuminate\\Queue\\CallQueuedHandler->{closure:Illuminate\\Queue\\CallQueuedHandler::dispatchThroughMiddleware():121}(Object(Illuminate\\Broadcasting\\BroadcastEvent))
#12 /Applications/KSK/IS/ayeyarwady-grill/backend/vendor/laravel/framework/src/Illuminate/Pipeline/Pipeline.php(127): Illuminate\\Pipeline\\Pipeline->{closure:Illuminate\\Pipeline\\Pipeline::prepareDestination():168}(Object(Illuminate\\Broadcasting\\BroadcastEvent))
#13 /Applications/KSK/IS/ayeyarwady-grill/backend/vendor/laravel/framework/src/Illuminate/Queue/CallQueuedHandler.php(121): Illuminate\\Pipeline\\Pipeline->then(Object(Closure))
#14 /Applications/KSK/IS/ayeyarwady-grill/backend/vendor/laravel/framework/src/Illuminate/Queue/CallQueuedHandler.php(69): Illuminate\\Queue\\CallQueuedHandler->dispatchThroughMiddleware(Object(Illuminate\\Queue\\Jobs\\SyncJob), Object(Illuminate\\Broadcasting\\BroadcastEvent))
#15 /Applications/KSK/IS/ayeyarwady-grill/backend/vendor/laravel/framework/src/Illuminate/Queue/Jobs/Job.php(102): Illuminate\\Queue\\CallQueuedHandler->call(Object(Illuminate\\Queue\\Jobs\\SyncJob), Array)
#16 /Applications/KSK/IS/ayeyarwady-grill/backend/vendor/laravel/framework/src/Illuminate/Queue/SyncQueue.php(76): Illuminate\\Queue\\Jobs\\Job->fire()
#17 /Applications/KSK/IS/ayeyarwady-grill/backend/vendor/laravel/framework/src/Illuminate/Queue/SyncQueue.php(56): Illuminate\\Queue\\SyncQueue->executeJob(Object(Illuminate\\Broadcasting\\BroadcastEvent), '', NULL)
#18 /Applications/KSK/IS/ayeyarwady-grill/backend/vendor/laravel/framework/src/Illuminate/Queue/Queue.php(59): Illuminate\\Queue\\SyncQueue->push(Object(Illuminate\\Broadcasting\\BroadcastEvent), '', NULL)
#19 /Applications/KSK/IS/ayeyarwady-grill/backend/vendor/laravel/framework/src/Illuminate/Broadcasting/BroadcastManager.php(207): Illuminate\\Queue\\Queue->pushOn(NULL, Object(Illuminate\\Broadcasting\\BroadcastEvent))
#20 /Applications/KSK/IS/ayeyarwady-grill/backend/vendor/laravel/framework/src/Illuminate/Events/Dispatcher.php(358): Illuminate\\Broadcasting\\BroadcastManager->queue(Object(App\\Events\\BookingCreated))
#21 /Applications/KSK/IS/ayeyarwady-grill/backend/vendor/laravel/framework/src/Illuminate/Events/Dispatcher.php(281): Illuminate\\Events\\Dispatcher->broadcastEvent(Object(App\\Events\\BookingCreated))
#22 /Applications/KSK/IS/ayeyarwady-grill/backend/vendor/laravel/framework/src/Illuminate/Events/Dispatcher.php(267): Illuminate\\Events\\Dispatcher->invokeListeners('App\\\\Events\\\\Book...', Array, false)
#23 /Applications/KSK/IS/ayeyarwady-grill/backend/vendor/laravel/framework/src/Illuminate/Broadcasting/PendingBroadcast.php(72): Illuminate\\Events\\Dispatcher->dispatch('App\\\\Events\\\\Book...')
#24 /Applications/KSK/IS/ayeyarwady-grill/backend/vendor/laravel/framework/src/Illuminate/Foundation/helpers.php(223): Illuminate\\Broadcasting\\PendingBroadcast->__destruct()
#25 /Applications/KSK/IS/ayeyarwady-grill/backend/app/Http/Controllers/Api/BookingController.php(95): broadcast(Object(App\\Events\\BookingCreated))
#26 /Applications/KSK/IS/ayeyarwady-grill/backend/vendor/laravel/framework/src/Illuminate/Routing/ControllerDispatcher.php(47): App\\Http\\Controllers\\Api\\BookingController->store(Object(Illuminate\\Http\\Request))
#27 /Applications/KSK/IS/ayeyarwady-grill/backend/vendor/laravel/framework/src/Illuminate/Routing/Route.php(266): Illuminate\\Routing\\ControllerDispatcher->dispatch(Object(Illuminate\\Routing\\Route), Object(App\\Http\\Controllers\\Api\\BookingController), 'store')
#28 /Applications/KSK/IS/ayeyarwady-grill/backend/vendor/laravel/framework/src/Illuminate/Routing/Route.php(212): Illuminate\\Routing\\Route->runController()
#29 /Applications/KSK/IS/ayeyarwady-grill/backend/vendor/laravel/framework/src/Illuminate/Routing/Router.php(808): Illuminate\\Routing\\Route->run()
#30 /Applications/KSK/IS/ayeyarwady-grill/backend/vendor/laravel/framework/src/Illuminate/Pipeline/Pipeline.php(170): Illuminate\\Routing\\Router->{closure:Illuminate\\Routing\\Router::runRouteWithinStack():807}(Object(Illuminate\\Http\\Request))
#31 /Applications/KSK/IS/ayeyarwady-grill/backend/app/Http/Middleware/RoleMiddleware.php(39): Illuminate\\Pipeline\\Pipeline->{closure:Illuminate\\Pipeline\\Pipeline::prepareDestination():168}(Object(Illuminate\\Http\\Request))
#32 /Applications/KSK/IS/ayeyarwady-grill/backend/vendor/laravel/framework/src/Illuminate/Pipeline/Pipeline.php(209): App\\Http\\Middleware\\RoleMiddleware->handle(Object(Illuminate\\Http\\Request), Object(Closure), 'customer')
#33 /Applications/KSK/IS/ayeyarwady-grill/backend/vendor/laravel/framework/src/Illuminate/Routing/Middleware/SubstituteBindings.php(51): Illuminate\\Pipeline\\Pipeline->{closure:{closure:Illuminate\\Pipeline\\Pipeline::carry():184}:185}(Object(Illuminate\\Http\\Request))
#34 /Applications/KSK/IS/ayeyarwady-grill/backend/vendor/laravel/framework/src/Illuminate/Pipeline/Pipeline.php(209): Illuminate\\Routing\\Middleware\\SubstituteBindings->handle(Object(Illuminate\\Http\\Request), Object(Closure))
#35 /Applications/KSK/IS/ayeyarwady-grill/backend/vendor/laravel/framework/src/Illuminate/Auth/Middleware/Authenticate.php(64): Illuminate\\Pipeline\\Pipeline->{closure:{closure:Illuminate\\Pipeline\\Pipeline::carry():184}:185}(Object(Illuminate\\Http\\Request))
#36 /Applications/KSK/IS/ayeyarwady-grill/backend/vendor/laravel/framework/src/Illuminate/Pipeline/Pipeline.php(209): Illuminate\\Auth\\Middleware\\Authenticate->handle(Object(Illuminate\\Http\\Request), Object(Closure), 'sanctum')
#37 /Applications/KSK/IS/ayeyarwady-grill/backend/vendor/laravel/framework/src/Illuminate/Pipeline/Pipeline.php(127): Illuminate\\Pipeline\\Pipeline->{closure:{closure:Illuminate\\Pipeline\\Pipeline::carry():184}:185}(Object(Illuminate\\Http\\Request))
#38 /Applications/KSK/IS/ayeyarwady-grill/backend/vendor/laravel/framework/src/Illuminate/Routing/Router.php(807): Illuminate\\Pipeline\\Pipeline->then(Object(Closure))
#39 /Applications/KSK/IS/ayeyarwady-grill/backend/vendor/laravel/framework/src/Illuminate/Routing/Router.php(786): Illuminate\\Routing\\Router->runRouteWithinStack(Object(Illuminate\\Routing\\Route), Object(Illuminate\\Http\\Request))
#40 /Applications/KSK/IS/ayeyarwady-grill/backend/vendor/laravel/framework/src/Illuminate/Routing/Router.php(750): Illuminate\\Routing\\Router->runRoute(Object(Illuminate\\Http\\Request), Object(Illuminate\\Routing\\Route))
#41 /Applications/KSK/IS/ayeyarwady-grill/backend/vendor/laravel/framework/src/Illuminate/Routing/Router.php(739): Illuminate\\Routing\\Router->dispatchToRoute(Object(Illuminate\\Http\\Request))
#42 /Applications/KSK/IS/ayeyarwady-grill/backend/vendor/laravel/framework/src/Illuminate/Foundation/Http/Kernel.php(201): Illuminate\\Routing\\Router->dispatch(Object(Illuminate\\Http\\Request))
#43 /Applications/KSK/IS/ayeyarwady-grill/backend/vendor/laravel/framework/src/Illuminate/Pipeline/Pipeline.php(170): Illuminate\\Foundation\\Http\\Kernel->{closure:Illuminate\\Foundation\\Http\\Kernel::dispatchToRouter():198}(Object(Illuminate\\Http\\Request))
#44 /Applications/KSK/IS/ayeyarwady-grill/backend/vendor/laravel/framework/src/Illuminate/Foundation/Http/Middleware/TransformsRequest.php(21): Illuminate\\Pipeline\\Pipeline->{closure:Illuminate\\Pipeline\\Pipeline::prepareDestination():168}(Object(Illuminate\\Http\\Request))
#45 /Applications/KSK/IS/ayeyarwady-grill/backend/vendor/laravel/framework/src/Illuminate/Foundation/Http/Middleware/ConvertEmptyStringsToNull.php(31): Illuminate\\Foundation\\Http\\Middleware\\TransformsRequest->handle(Object(Illuminate\\Http\\Request), Object(Closure))
#46 /Applications/KSK/IS/ayeyarwady-grill/backend/vendor/laravel/framework/src/Illuminate/Pipeline/Pipeline.php(209): Illuminate\\Foundation\\Http\\Middleware\\ConvertEmptyStringsToNull->handle(Object(Illuminate\\Http\\Request), Object(Closure))
#47 /Applications/KSK/IS/ayeyarwady-grill/backend/vendor/laravel/framework/src/Illuminate/Foundation/Http/Middleware/TransformsRequest.php(21): Illuminate\\Pipeline\\Pipeline->{closure:{closure:Illuminate\\Pipeline\\Pipeline::carry():184}:185}(Object(Illuminate\\Http\\Request))
#48 /Applications/KSK/IS/ayeyarwady-grill/backend/vendor/laravel/framework/src/Illuminate/Foundation/Http/Middleware/TrimStrings.php(51): Illuminate\\Foundation\\Http\\Middleware\\TransformsRequest->handle(Object(Illuminate\\Http\\Request), Object(Closure))
#49 /Applications/KSK/IS/ayeyarwady-grill/backend/vendor/laravel/framework/src/Illuminate/Pipeline/Pipeline.php(209): Illuminate\\Foundation\\Http\\Middleware\\TrimStrings->handle(Object(Illuminate\\Http\\Request), Object(Closure))
#50 /Applications/KSK/IS/ayeyarwady-grill/backend/vendor/laravel/framework/src/Illuminate/Http/Middleware/ValidatePostSize.php(27): Illuminate\\Pipeline\\Pipeline->{closure:{closure:Illuminate\\Pipeline\\Pipeline::carry():184}:185}(Object(Illuminate\\Http\\Request))
#51 /Applications/KSK/IS/ayeyarwady-grill/backend/vendor/laravel/framework/src/Illuminate/Pipeline/Pipeline.php(209): Illuminate\\Http\\Middleware\\ValidatePostSize->handle(Object(Illuminate\\Http\\Request), Object(Closure))
#52 /Applications/KSK/IS/ayeyarwady-grill/backend/vendor/laravel/framework/src/Illuminate/Foundation/Http/Middleware/PreventRequestsDuringMaintenance.php(110): Illuminate\\Pipeline\\Pipeline->{closure:{closure:Illuminate\\Pipeline\\Pipeline::carry():184}:185}(Object(Illuminate\\Http\\Request))
#53 /Applications/KSK/IS/ayeyarwady-grill/backend/vendor/laravel/framework/src/Illuminate/Pipeline/Pipeline.php(209): Illuminate\\Foundation\\Http\\Middleware\\PreventRequestsDuringMaintenance->handle(Object(Illuminate\\Http\\Request), Object(Closure))
#54 /Applications/KSK/IS/ayeyarwady-grill/backend/vendor/laravel/framework/src/Illuminate/Http/Middleware/HandleCors.php(62): Illuminate\\Pipeline\\Pipeline->{closure:{closure:Illuminate\\Pipeline\\Pipeline::carry():184}:185}(Object(Illuminate\\Http\\Request))
#55 /Applications/KSK/IS/ayeyarwady-grill/backend/vendor/laravel/framework/src/Illuminate/Pipeline/Pipeline.php(209): Illuminate\\Http\\Middleware\\HandleCors->handle(Object(Illuminate\\Http\\Request), Object(Closure))
#56 /Applications/KSK/IS/ayeyarwady-grill/backend/vendor/laravel/framework/src/Illuminate/Http/Middleware/TrustProxies.php(58): Illuminate\\Pipeline\\Pipeline->{closure:{closure:Illuminate\\Pipeline\\Pipeline::carry():184}:185}(Object(Illuminate\\Http\\Request))
#57 /Applications/KSK/IS/ayeyarwady-grill/backend/vendor/laravel/framework/src/Illuminate/Pipeline/Pipeline.php(209): Illuminate\\Http\\Middleware\\TrustProxies->handle(Object(Illuminate\\Http\\Request), Object(Closure))
#58 /Applications/KSK/IS/ayeyarwady-grill/backend/vendor/laravel/framework/src/Illuminate/Foundation/Http/Middleware/InvokeDeferredCallbacks.php(22): Illuminate\\Pipeline\\Pipeline->{closure:{closure:Illuminate\\Pipeline\\Pipeline::carry():184}:185}(Object(Illuminate\\Http\\Request))
#59 /Applications/KSK/IS/ayeyarwady-grill/backend/vendor/laravel/framework/src/Illuminate/Pipeline/Pipeline.php(209): Illuminate\\Foundation\\Http\\Middleware\\InvokeDeferredCallbacks->handle(Object(Illuminate\\Http\\Request), Object(Closure))
#60 /Applications/KSK/IS/ayeyarwady-grill/backend/vendor/laravel/framework/src/Illuminate/Pipeline/Pipeline.php(127): Illuminate\\Pipeline\\Pipeline->{closure:{closure:Illuminate\\Pipeline\\Pipeline::carry():184}:185}(Object(Illuminate\\Http\\Request))
#61 /Applications/KSK/IS/ayeyarwady-grill/backend/vendor/laravel/framework/src/Illuminate/Foundation/Http/Kernel.php(176): Illuminate\\Pipeline\\Pipeline->then(Object(Closure))
#62 /Applications/KSK/IS/ayeyarwady-grill/backend/vendor/laravel/framework/src/Illuminate/Foundation/Http/Kernel.php(145): Illuminate\\Foundation\\Http\\Kernel->sendRequestThroughRouter(Object(Illuminate\\Http\\Request))
#63 /Applications/KSK/IS/ayeyarwady-grill/backend/vendor/laravel/framework/src/Illuminate/Foundation/Application.php(1220): Illuminate\\Foundation\\Http\\Kernel->handle(Object(Illuminate\\Http\\Request))
#64 /Applications/KSK/IS/ayeyarwady-grill/backend/public/index.php(21): Illuminate\\Foundation\\Application->handleRequest(Object(Illuminate\\Http\\Request))
#65 /Applications/KSK/IS/ayeyarwady-grill/backend/vendor/laravel/framework/src/Illuminate/Foundation/resources/server.php(23): require_once('/Applications/K...')
#66 {main}
"} 
[2026-09-02 16:49:32] local.ERROR: Pusher error: cURL error 7: Failed to connect to localhost port 8080 after 0 ms: Could not connect to server (see https://curl.se/libcurl/c/libcurl-errors.html) for http://localhost:8080/apps/ayeyarwady-grill/events?auth_key=local-reverb-key&auth_timestamp=1788344372&auth_version=1.0&body_md5=df8ad3b4baaf82cebb002bee3465d977&auth_signature=d18ae42d4b81f6d3642909997bfe490c96fbfeac2e87e6db87c14b45c1a057b2. {"userId":1,"exception":"[object] (Illuminate\\Broadcasting\\BroadcastException(code: 0): Pusher error: cURL error 7: Failed to connect to localhost port 8080 after 0 ms: Could not connect to server (see https://curl.se/libcurl/c/libcurl-errors.html) for http://localhost:8080/apps/ayeyarwady-grill/events?auth_key=local-reverb-key&auth_timestamp=1788344372&auth_version=1.0&body_md5=df8ad3b4baaf82cebb002bee3465d977&auth_signature=d18ae42d4b81f6d3642909997bfe490c96fbfeac2e87e6db87c14b45c1a057b2. at /Applications/KSK/IS/ayeyarwady-grill/backend/vendor/laravel/framework/src/Illuminate/Broadcasting/Broadcasters/PusherBroadcaster.php:164)
[stacktrace]
#0 /Applications/KSK/IS/ayeyarwady-grill/backend/vendor/laravel/framework/src/Illuminate/Broadcasting/BroadcastEvent.php(93): Illuminate\\Broadcasting\\Broadcasters\\PusherBroadcaster->broadcast(Object(Illuminate\\Support\\Collection), 'booking.new', Array)
#1 /Applications/KSK/IS/ayeyarwady-grill/backend/vendor/laravel/framework/src/Illuminate/Container/BoundMethod.php(36): Illuminate\\Broadcasting\\BroadcastEvent->handle(Object(Illuminate\\Broadcasting\\BroadcastManager))
#2 /Applications/KSK/IS/ayeyarwady-grill/backend/vendor/laravel/framework/src/Illuminate/Container/Util.php(43): Illuminate\\Container\\BoundMethod::{closure:Illuminate\\Container\\BoundMethod::call():35}()
#3 /Applications/KSK/IS/ayeyarwady-grill/backend/vendor/laravel/framework/src/Illuminate/Container/BoundMethod.php(95): Illuminate\\Container\\Util::unwrapIfClosure(Object(Closure))
#4 /Applications/KSK/IS/ayeyarwady-grill/backend/vendor/laravel/framework/src/Illuminate/Container/BoundMethod.php(35): Illuminate\\Container\\BoundMethod::callBoundMethod(Object(Illuminate\\Foundation\\Application), Array, Object(Closure))
#5 /Applications/KSK/IS/ayeyarwady-grill/backend/vendor/laravel/framework/src/Illuminate/Container/Container.php(696): Illuminate\\Container\\BoundMethod::call(Object(Illuminate\\Foundation\\Application), Array, Array, NULL)
#6 /Applications/KSK/IS/ayeyarwady-grill/backend/vendor/laravel/framework/src/Illuminate/Bus/Dispatcher.php(126): Illuminate\\Container\\Container->call(Array)
#7 /Applications/KSK/IS/ayeyarwady-grill/backend/vendor/laravel/framework/src/Illuminate/Pipeline/Pipeline.php(170): Illuminate\\Bus\\Dispatcher->{closure:Illuminate\\Bus\\Dispatcher::dispatchNow():123}(Object(Illuminate\\Broadcasting\\BroadcastEvent))
#8 /Applications/KSK/IS/ayeyarwady-grill/backend/vendor/laravel/framework/src/Illuminate/Pipeline/Pipeline.php(127): Illuminate\\Pipeline\\Pipeline->{closure:Illuminate\\Pipeline\\Pipeline::prepareDestination():168}(Object(Illuminate\\Broadcasting\\BroadcastEvent))
#9 /Applications/KSK/IS/ayeyarwady-grill/backend/vendor/laravel/framework/src/Illuminate/Bus/Dispatcher.php(130): Illuminate\\Pipeline\\Pipeline->then(Object(Closure))
#10 /Applications/KSK/IS/ayeyarwady-grill/backend/vendor/laravel/framework/src/Illuminate/Queue/CallQueuedHandler.php(126): Illuminate\\Bus\\Dispatcher->dispatchNow(Object(Illuminate\\Broadcasting\\BroadcastEvent), false)
#11 /Applications/KSK/IS/ayeyarwady-grill/backend/vendor/laravel/framework/src/Illuminate/Pipeline/Pipeline.php(170): Illuminate\\Queue\\CallQueuedHandler->{closure:Illuminate\\Queue\\CallQueuedHandler::dispatchThroughMiddleware():121}(Object(Illuminate\\Broadcasting\\BroadcastEvent))
#12 /Applications/KSK/IS/ayeyarwady-grill/backend/vendor/laravel/framework/src/Illuminate/Pipeline/Pipeline.php(127): Illuminate\\Pipeline\\Pipeline->{closure:Illuminate\\Pipeline\\Pipeline::prepareDestination():168}(Object(Illuminate\\Broadcasting\\BroadcastEvent))
#13 /Applications/KSK/IS/ayeyarwady-grill/backend/vendor/laravel/framework/src/Illuminate/Queue/CallQueuedHandler.php(121): Illuminate\\Pipeline\\Pipeline->then(Object(Closure))
#14 /Applications/KSK/IS/ayeyarwady-grill/backend/vendor/laravel/framework/src/Illuminate/Queue/CallQueuedHandler.php(69): Illuminate\\Queue\\CallQueuedHandler->dispatchThroughMiddleware(Object(Illuminate\\Queue\\Jobs\\SyncJob), Object(Illuminate\\Broadcasting\\BroadcastEvent))
#15 /Applications/KSK/IS/ayeyarwady-grill/backend/vendor/laravel/framework/src/Illuminate/Queue/Jobs/Job.php(102): Illuminate\\Queue\\CallQueuedHandler->call(Object(Illuminate\\Queue\\Jobs\\SyncJob), Array)
#16 /Applications/KSK/IS/ayeyarwady-grill/backend/vendor/laravel/framework/src/Illuminate/Queue/SyncQueue.php(76): Illuminate\\Queue\\Jobs\\Job->fire()
#17 /Applications/KSK/IS/ayeyarwady-grill/backend/vendor/laravel/framework/src/Illuminate/Queue/SyncQueue.php(56): Illuminate\\Queue\\SyncQueue->executeJob(Object(Illuminate\\Broadcasting\\BroadcastEvent), '', NULL)
#18 /Applications/KSK/IS/ayeyarwady-grill/backend/vendor/laravel/framework/src/Illuminate/Queue/Queue.php(59): Illuminate\\Queue\\SyncQueue->push(Object(Illuminate\\Broadcasting\\BroadcastEvent), '', NULL)
#19 /Applications/KSK/IS/ayeyarwady-grill/backend/vendor/laravel/framework/src/Illuminate/Broadcasting/BroadcastManager.php(207): Illuminate\\Queue\\Queue->pushOn(NULL, Object(Illuminate\\Broadcasting\\BroadcastEvent))
#20 /Applications/KSK/IS/ayeyarwady-grill/backend/vendor/laravel/framework/src/Illuminate/Events/Dispatcher.php(358): Illuminate\\Broadcasting\\BroadcastManager->queue(Object(App\\Events\\BookingCreated))
#21 /Applications/KSK/IS/ayeyarwady-grill/backend/vendor/laravel/framework/src/Illuminate/Events/Dispatcher.php(281): Illuminate\\Events\\Dispatcher->broadcastEvent(Object(App\\Events\\BookingCreated))
#22 /Applications/KSK/IS/ayeyarwady-grill/backend/vendor/laravel/framework/src/Illuminate/Events/Dispatcher.php(267): Illuminate\\Events\\Dispatcher->invokeListeners('App\\\\Events\\\\Book...', Array, false)
#23 /Applications/KSK/IS/ayeyarwady-grill/backend/vendor/laravel/framework/src/Illuminate/Broadcasting/PendingBroadcast.php(72): Illuminate\\Events\\Dispatcher->dispatch('App\\\\Events\\\\Book...')
#24 /Applications/KSK/IS/ayeyarwady-grill/backend/vendor/laravel/framework/src/Illuminate/Foundation/helpers.php(223): Illuminate\\Broadcasting\\PendingBroadcast->__destruct()
#25 /Applications/KSK/IS/ayeyarwady-grill/backend/app/Http/Controllers/Api/BookingController.php(95): broadcast(Object(App\\Events\\BookingCreated))
#26 /Applications/KSK/IS/ayeyarwady-grill/backend/vendor/laravel/framework/src/Illuminate/Routing/ControllerDispatcher.php(47): App\\Http\\Controllers\\Api\\BookingController->store(Object(Illuminate\\Http\\Request))
#27 /Applications/KSK/IS/ayeyarwady-grill/backend/vendor/laravel/framework/src/Illuminate/Routing/Route.php(266): Illuminate\\Routing\\ControllerDispatcher->dispatch(Object(Illuminate\\Routing\\Route), Object(App\\Http\\Controllers\\Api\\BookingController), 'store')
#28 /Applications/KSK/IS/ayeyarwady-grill/backend/vendor/laravel/framework/src/Illuminate/Routing/Route.php(212): Illuminate\\Routing\\Route->runController()
#29 /Applications/KSK/IS/ayeyarwady-grill/backend/vendor/laravel/framework/src/Illuminate/Routing/Router.php(808): Illuminate\\Routing\\Route->run()
#30 /Applications/KSK/IS/ayeyarwady-grill/backend/vendor/laravel/framework/src/Illuminate/Pipeline/Pipeline.php(170): Illuminate\\Routing\\Router->{closure:Illuminate\\Routing\\Router::runRouteWithinStack():807}(Object(Illuminate\\Http\\Request))
#31 /Applications/KSK/IS/ayeyarwady-grill/backend/app/Http/Middleware/RoleMiddleware.php(39): Illuminate\\Pipeline\\Pipeline->{closure:Illuminate\\Pipeline\\Pipeline::prepareDestination():168}(Object(Illuminate\\Http\\Request))
#32 /Applications/KSK/IS/ayeyarwady-grill/backend/vendor/laravel/framework/src/Illuminate/Pipeline/Pipeline.php(209): App\\Http\\Middleware\\RoleMiddleware->handle(Object(Illuminate\\Http\\Request), Object(Closure), 'customer')
#33 /Applications/KSK/IS/ayeyarwady-grill/backend/vendor/laravel/framework/src/Illuminate/Routing/Middleware/SubstituteBindings.php(51): Illuminate\\Pipeline\\Pipeline->{closure:{closure:Illuminate\\Pipeline\\Pipeline::carry():184}:185}(Object(Illuminate\\Http\\Request))
#34 /Applications/KSK/IS/ayeyarwady-grill/backend/vendor/laravel/framework/src/Illuminate/Pipeline/Pipeline.php(209): Illuminate\\Routing\\Middleware\\SubstituteBindings->handle(Object(Illuminate\\Http\\Request), Object(Closure))
#35 /Applications/KSK/IS/ayeyarwady-grill/backend/vendor/laravel/framework/src/Illuminate/Auth/Middleware/Authenticate.php(64): Illuminate\\Pipeline\\Pipeline->{closure:{closure:Illuminate\\Pipeline\\Pipeline::carry():184}:185}(Object(Illuminate\\Http\\Request))
#36 /Applications/KSK/IS/ayeyarwady-grill/backend/vendor/laravel/framework/src/Illuminate/Pipeline/Pipeline.php(209): Illuminate\\Auth\\Middleware\\Authenticate->handle(Object(Illuminate\\Http\\Request), Object(Closure), 'sanctum')
#37 /Applications/KSK/IS/ayeyarwady-grill/backend/vendor/laravel/framework/src/Illuminate/Pipeline/Pipeline.php(127): Illuminate\\Pipeline\\Pipeline->{closure:{closure:Illuminate\\Pipeline\\Pipeline::carry():184}:185}(Object(Illuminate\\Http\\Request))
#38 /Applications/KSK/IS/ayeyarwady-grill/backend/vendor/laravel/framework/src/Illuminate/Routing/Router.php(807): Illuminate\\Pipeline\\Pipeline->then(Object(Closure))
#39 /Applications/KSK/IS/ayeyarwady-grill/backend/vendor/laravel/framework/src/Illuminate/Routing/Router.php(786): Illuminate\\Routing\\Router->runRouteWithinStack(Object(Illuminate\\Routing\\Route), Object(Illuminate\\Http\\Request))
#40 /Applications/KSK/IS/ayeyarwady-grill/backend/vendor/laravel/framework/src/Illuminate/Routing/Router.php(750): Illuminate\\Routing\\Router->runRoute(Object(Illuminate\\Http\\Request), Object(Illuminate\\Routing\\Route))
#41 /Applications/KSK/IS/ayeyarwady-grill/backend/vendor/laravel/framework/src/Illuminate/Routing/Router.php(739): Illuminate\\Routing\\Router->dispatchToRoute(Object(Illuminate\\Http\\Request))
#42 /Applications/KSK/IS/ayeyarwady-grill/backend/vendor/laravel/framework/src/Illuminate/Foundation/Http/Kernel.php(201): Illuminate\\Routing\\Router->dispatch(Object(Illuminate\\Http\\Request))
#43 /Applications/KSK/IS/ayeyarwady-grill/backend/vendor/laravel/framework/src/Illuminate/Pipeline/Pipeline.php(170): Illuminate\\Foundation\\Http\\Kernel->{closure:Illuminate\\Foundation\\Http\\Kernel::dispatchToRouter():198}(Object(Illuminate\\Http\\Request))
#44 /Applications/KSK/IS/ayeyarwady-grill/backend/vendor/laravel/framework/src/Illuminate/Foundation/Http/Middleware/TransformsRequest.php(21): Illuminate\\Pipeline\\Pipeline->{closure:Illuminate\\Pipeline\\Pipeline::prepareDestination():168}(Object(Illuminate\\Http\\Request))
#45 /Applications/KSK/IS/ayeyarwady-grill/backend/vendor/laravel/framework/src/Illuminate/Foundation/Http/Middleware/ConvertEmptyStringsToNull.php(31): Illuminate\\Foundation\\Http\\Middleware\\TransformsRequest->handle(Object(Illuminate\\Http\\Request), Object(Closure))
#46 /Applications/KSK/IS/ayeyarwady-grill/backend/vendor/laravel/framework/src/Illuminate/Pipeline/Pipeline.php(209): Illuminate\\Foundation\\Http\\Middleware\\ConvertEmptyStringsToNull->handle(Object(Illuminate\\Http\\Request), Object(Closure))
#47 /Applications/KSK/IS/ayeyarwady-grill/backend/vendor/laravel/framework/src/Illuminate/Foundation/Http/Middleware/TransformsRequest.php(21): Illuminate\\Pipeline\\Pipeline->{closure:{closure:Illuminate\\Pipeline\\Pipeline::carry():184}:185}(Object(Illuminate\\Http\\Request))
#48 /Applications/KSK/IS/ayeyarwady-grill/backend/vendor/laravel/framework/src/Illuminate/Foundation/Http/Middleware/TrimStrings.php(51): Illuminate\\Foundation\\Http\\Middleware\\TransformsRequest->handle(Object(Illuminate\\Http\\Request), Object(Closure))
#49 /Applications/KSK/IS/ayeyarwady-grill/backend/vendor/laravel/framework/src/Illuminate/Pipeline/Pipeline.php(209): Illuminate\\Foundation\\Http\\Middleware\\TrimStrings->handle(Object(Illuminate\\Http\\Request), Object(Closure))
#50 /Applications/KSK/IS/ayeyarwady-grill/backend/vendor/laravel/framework/src/Illuminate/Http/Middleware/ValidatePostSize.php(27): Illuminate\\Pipeline\\Pipeline->{closure:{closure:Illuminate\\Pipeline\\Pipeline::carry():184}:185}(Object(Illuminate\\Http\\Request))
#51 /Applications/KSK/IS/ayeyarwady-grill/backend/vendor/laravel/framework/src/Illuminate/Pipeline/Pipeline.php(209): Illuminate\\Http\\Middleware\\ValidatePostSize->handle(Object(Illuminate\\Http\\Request), Object(Closure))
#52 /Applications/KSK/IS/ayeyarwady-grill/backend/vendor/laravel/framework/src/Illuminate/Foundation/Http/Middleware/PreventRequestsDuringMaintenance.php(110): Illuminate\\Pipeline\\Pipeline->{closure:{closure:Illuminate\\Pipeline\\Pipeline::carry():184}:185}(Object(Illuminate\\Http\\Request))
#53 /Applications/KSK/IS/ayeyarwady-grill/backend/vendor/laravel/framework/src/Illuminate/Pipeline/Pipeline.php(209): Illuminate\\Foundation\\Http\\Middleware\\PreventRequestsDuringMaintenance->handle(Object(Illuminate\\Http\\Request), Object(Closure))
#54 /Applications/KSK/IS/ayeyarwady-grill/backend/vendor/laravel/framework/src/Illuminate/Http/Middleware/HandleCors.php(62): Illuminate\\Pipeline\\Pipeline->{closure:{closure:Illuminate\\Pipeline\\Pipeline::carry():184}:185}(Object(Illuminate\\Http\\Request))
#55 /Applications/KSK/IS/ayeyarwady-grill/backend/vendor/laravel/framework/src/Illuminate/Pipeline/Pipeline.php(209): Illuminate\\Http\\Middleware\\HandleCors->handle(Object(Illuminate\\Http\\Request), Object(Closure))
#56 /Applications/KSK/IS/ayeyarwady-grill/backend/vendor/laravel/framework/src/Illuminate/Http/Middleware/TrustProxies.php(58): Illuminate\\Pipeline\\Pipeline->{closure:{closure:Illuminate\\Pipeline\\Pipeline::carry():184}:185}(Object(Illuminate\\Http\\Request))
#57 /Applications/KSK/IS/ayeyarwady-grill/backend/vendor/laravel/framework/src/Illuminate/Pipeline/Pipeline.php(209): Illuminate\\Http\\Middleware\\TrustProxies->handle(Object(Illuminate\\Http\\Request), Object(Closure))
#58 /Applications/KSK/IS/ayeyarwady-grill/backend/vendor/laravel/framework/src/Illuminate/Foundation/Http/Middleware/InvokeDeferredCallbacks.php(22): Illuminate\\Pipeline\\Pipeline->{closure:{closure:Illuminate\\Pipeline\\Pipeline::carry():184}:185}(Object(Illuminate\\Http\\Request))
#59 /Applications/KSK/IS/ayeyarwady-grill/backend/vendor/laravel/framework/src/Illuminate/Pipeline/Pipeline.php(209): Illuminate\\Foundation\\Http\\Middleware\\InvokeDeferredCallbacks->handle(Object(Illuminate\\Http\\Request), Object(Closure))
#60 /Applications/KSK/IS/ayeyarwady-grill/backend/vendor/laravel/framework/src/Illuminate/Pipeline/Pipeline.php(127): Illuminate\\Pipeline\\Pipeline->{closure:{closure:Illuminate\\Pipeline\\Pipeline::carry():184}:185}(Object(Illuminate\\Http\\Request))
#61 /Applications/KSK/IS/ayeyarwady-grill/backend/vendor/laravel/framework/src/Illuminate/Foundation/Http/Kernel.php(176): Illuminate\\Pipeline\\Pipeline->then(Object(Closure))
#62 /Applications/KSK/IS/ayeyarwady-grill/backend/vendor/laravel/framework/src/Illuminate/Foundation/Http/Kernel.php(145): Illuminate\\Foundation\\Http\\Kernel->sendRequestThroughRouter(Object(Illuminate\\Http\\Request))
#63 /Applications/KSK/IS/ayeyarwady-grill/backend/vendor/laravel/framework/src/Illuminate/Foundation/Application.php(1220): Illuminate\\Foundation\\Http\\Kernel->handle(Object(Illuminate\\Http\\Request))
#64 /Applications/KSK/IS/ayeyarwady-grill/backend/public/index.php(21): Illuminate\\Foundation\\Application->handleRequest(Object(Illuminate\\Http\\Request))
#65 /Applications/KSK/IS/ayeyarwady-grill/backend/vendor/laravel/framework/src/Illuminate/Foundation/resources/server.php(23): require_once('/Applications/K...')
#66 {main}
"} 
[2026-09-02 16:49:32] local.ERROR: Pusher error: cURL error 7: Failed to connect to localhost port 8080 after 0 ms: Could not connect to server (see https://curl.se/libcurl/c/libcurl-errors.html) for http://localhost:8080/apps/ayeyarwady-grill/events?auth_key=local-reverb-key&auth_timestamp=1788344372&auth_version=1.0&body_md5=afccd2b74d7df6410910f68d698edeaf&auth_signature=b826409b30f1c7bb0128f37f5d7234b380bda09944fbcc36e2d8a535434f07da. {"userId":1,"exception":"[object] (Illuminate\\Broadcasting\\BroadcastException(code: 0): Pusher error: cURL error 7: Failed to connect to localhost port 8080 after 0 ms: Could not connect to server (see https://curl.se/libcurl/c/libcurl-errors.html) for http://localhost:8080/apps/ayeyarwady-grill/events?auth_key=local-reverb-key&auth_timestamp=1788344372&auth_version=1.0&body_md5=afccd2b74d7df6410910f68d698edeaf&auth_signature=b826409b30f1c7bb0128f37f5d7234b380bda09944fbcc36e2d8a535434f07da. at /Applications/KSK/IS/ayeyarwady-grill/backend/vendor/laravel/framework/src/Illuminate/Broadcasting/Broadcasters/PusherBroadcaster.php:164)
[stacktrace]
#0 /Applications/KSK/IS/ayeyarwady-grill/backend/vendor/laravel/framework/src/Illuminate/Broadcasting/BroadcastEvent.php(93): Illuminate\\Broadcasting\\Broadcasters\\PusherBroadcaster->broadcast(Object(Illuminate\\Support\\Collection), 'booking.new', Array)
#1 /Applications/KSK/IS/ayeyarwady-grill/backend/vendor/laravel/framework/src/Illuminate/Container/BoundMethod.php(36): Illuminate\\Broadcasting\\BroadcastEvent->handle(Object(Illuminate\\Broadcasting\\BroadcastManager))
#2 /Applications/KSK/IS/ayeyarwady-grill/backend/vendor/laravel/framework/src/Illuminate/Container/Util.php(43): Illuminate\\Container\\BoundMethod::{closure:Illuminate\\Container\\BoundMethod::call():35}()
#3 /Applications/KSK/IS/ayeyarwady-grill/backend/vendor/laravel/framework/src/Illuminate/Container/BoundMethod.php(95): Illuminate\\Container\\Util::unwrapIfClosure(Object(Closure))
#4 /Applications/KSK/IS/ayeyarwady-grill/backend/vendor/laravel/framework/src/Illuminate/Container/BoundMethod.php(35): Illuminate\\Container\\BoundMethod::callBoundMethod(Object(Illuminate\\Foundation\\Application), Array, Object(Closure))
#5 /Applications/KSK/IS/ayeyarwady-grill/backend/vendor/laravel/framework/src/Illuminate/Container/Container.php(696): Illuminate\\Container\\BoundMethod::call(Object(Illuminate\\Foundation\\Application), Array, Array, NULL)
#6 /Applications/KSK/IS/ayeyarwady-grill/backend/vendor/laravel/framework/src/Illuminate/Bus/Dispatcher.php(126): Illuminate\\Container\\Container->call(Array)
#7 /Applications/KSK/IS/ayeyarwady-grill/backend/vendor/laravel/framework/src/Illuminate/Pipeline/Pipeline.php(170): Illuminate\\Bus\\Dispatcher->{closure:Illuminate\\Bus\\Dispatcher::dispatchNow():123}(Object(Illuminate\\Broadcasting\\BroadcastEvent))
#8 /Applications/KSK/IS/ayeyarwady-grill/backend/vendor/laravel/framework/src/Illuminate/Pipeline/Pipeline.php(127): Illuminate\\Pipeline\\Pipeline->{closure:Illuminate\\Pipeline\\Pipeline::prepareDestination():168}(Object(Illuminate\\Broadcasting\\BroadcastEvent))
#9 /Applications/KSK/IS/ayeyarwady-grill/backend/vendor/laravel/framework/src/Illuminate/Bus/Dispatcher.php(130): Illuminate\\Pipeline\\Pipeline->then(Object(Closure))
#10 /Applications/KSK/IS/ayeyarwady-grill/backend/vendor/laravel/framework/src/Illuminate/Queue/CallQueuedHandler.php(126): Illuminate\\Bus\\Dispatcher->dispatchNow(Object(Illuminate\\Broadcasting\\BroadcastEvent), false)
#11 /Applications/KSK/IS/ayeyarwady-grill/backend/vendor/laravel/framework/src/Illuminate/Pipeline/Pipeline.php(170): Illuminate\\Queue\\CallQueuedHandler->{closure:Illuminate\\Queue\\CallQueuedHandler::dispatchThroughMiddleware():121}(Object(Illuminate\\Broadcasting\\BroadcastEvent))
#12 /Applications/KSK/IS/ayeyarwady-grill/backend/vendor/laravel/framework/src/Illuminate/Pipeline/Pipeline.php(127): Illuminate\\Pipeline\\Pipeline->{closure:Illuminate\\Pipeline\\Pipeline::prepareDestination():168}(Object(Illuminate\\Broadcasting\\BroadcastEvent))
#13 /Applications/KSK/IS/ayeyarwady-grill/backend/vendor/laravel/framework/src/Illuminate/Queue/CallQueuedHandler.php(121): Illuminate\\Pipeline\\Pipeline->then(Object(Closure))
#14 /Applications/KSK/IS/ayeyarwady-grill/backend/vendor/laravel/framework/src/Illuminate/Queue/CallQueuedHandler.php(69): Illuminate\\Queue\\CallQueuedHandler->dispatchThroughMiddleware(Object(Illuminate\\Queue\\Jobs\\SyncJob), Object(Illuminate\\Broadcasting\\BroadcastEvent))
#15 /Applications/KSK/IS/ayeyarwady-grill/backend/vendor/laravel/framework/src/Illuminate/Queue/Jobs/Job.php(102): Illuminate\\Queue\\CallQueuedHandler->call(Object(Illuminate\\Queue\\Jobs\\SyncJob), Array)
#16 /Applications/KSK/IS/ayeyarwady-grill/backend/vendor/laravel/framework/src/Illuminate/Queue/SyncQueue.php(76): Illuminate\\Queue\\Jobs\\Job->fire()
#17 /Applications/KSK/IS/ayeyarwady-grill/backend/vendor/laravel/framework/src/Illuminate/Queue/SyncQueue.php(56): Illuminate\\Queue\\SyncQueue->executeJob(Object(Illuminate\\Broadcasting\\BroadcastEvent), '', NULL)
#18 /Applications/KSK/IS/ayeyarwady-grill/backend/vendor/laravel/framework/src/Illuminate/Queue/Queue.php(59): Illuminate\\Queue\\SyncQueue->push(Object(Illuminate\\Broadcasting\\BroadcastEvent), '', NULL)
#19 /Applications/KSK/IS/ayeyarwady-grill/backend/vendor/laravel/framework/src/Illuminate/Broadcasting/BroadcastManager.php(207): Illuminate\\Queue\\Queue->pushOn(NULL, Object(Illuminate\\Broadcasting\\BroadcastEvent))
#20 /Applications/KSK/IS/ayeyarwady-grill/backend/vendor/laravel/framework/src/Illuminate/Events/Dispatcher.php(358): Illuminate\\Broadcasting\\BroadcastManager->queue(Object(App\\Events\\BookingCreated))
#21 /Applications/KSK/IS/ayeyarwady-grill/backend/vendor/laravel/framework/src/Illuminate/Events/Dispatcher.php(281): Illuminate\\Events\\Dispatcher->broadcastEvent(Object(App\\Events\\BookingCreated))
#22 /Applications/KSK/IS/ayeyarwady-grill/backend/vendor/laravel/framework/src/Illuminate/Events/Dispatcher.php(267): Illuminate\\Events\\Dispatcher->invokeListeners('App\\\\Events\\\\Book...', Array, false)
#23 /Applications/KSK/IS/ayeyarwady-grill/backend/vendor/laravel/framework/src/Illuminate/Broadcasting/PendingBroadcast.php(72): Illuminate\\Events\\Dispatcher->dispatch('App\\\\Events\\\\Book...')
#24 /Applications/KSK/IS/ayeyarwady-grill/backend/vendor/laravel/framework/src/Illuminate/Foundation/helpers.php(223): Illuminate\\Broadcasting\\PendingBroadcast->__destruct()
#25 /Applications/KSK/IS/ayeyarwady-grill/backend/app/Http/Controllers/Api/BookingController.php(95): broadcast(Object(App\\Events\\BookingCreated))
#26 /Applications/KSK/IS/ayeyarwady-grill/backend/vendor/laravel/framework/src/Illuminate/Routing/ControllerDispatcher.php(47): App\\Http\\Controllers\\Api\\BookingController->store(Object(Illuminate\\Http\\Request))
#27 /Applications/KSK/IS/ayeyarwady-grill/backend/vendor/laravel/framework/src/Illuminate/Routing/Route.php(266): Illuminate\\Routing\\ControllerDispatcher->dispatch(Object(Illuminate\\Routing\\Route), Object(App\\Http\\Controllers\\Api\\BookingController), 'store')
#28 /Applications/KSK/IS/ayeyarwady-grill/backend/vendor/laravel/framework/src/Illuminate/Routing/Route.php(212): Illuminate\\Routing\\Route->runController()
#29 /Applications/KSK/IS/ayeyarwady-grill/backend/vendor/laravel/framework/src/Illuminate/Routing/Router.php(808): Illuminate\\Routing\\Route->run()
#30 /Applications/KSK/IS/ayeyarwady-grill/backend/vendor/laravel/framework/src/Illuminate/Pipeline/Pipeline.php(170): Illuminate\\Routing\\Router->{closure:Illuminate\\Routing\\Router::runRouteWithinStack():807}(Object(Illuminate\\Http\\Request))
#31 /Applications/KSK/IS/ayeyarwady-grill/backend/app/Http/Middleware/RoleMiddleware.php(39): Illuminate\\Pipeline\\Pipeline->{closure:Illuminate\\Pipeline\\Pipeline::prepareDestination():168}(Object(Illuminate\\Http\\Request))
#32 /Applications/KSK/IS/ayeyarwady-grill/backend/vendor/laravel/framework/src/Illuminate/Pipeline/Pipeline.php(209): App\\Http\\Middleware\\RoleMiddleware->handle(Object(Illuminate\\Http\\Request), Object(Closure), 'customer')
#33 /Applications/KSK/IS/ayeyarwady-grill/backend/vendor/laravel/framework/src/Illuminate/Routing/Middleware/SubstituteBindings.php(51): Illuminate\\Pipeline\\Pipeline->{closure:{closure:Illuminate\\Pipeline\\Pipeline::carry():184}:185}(Object(Illuminate\\Http\\Request))
#34 /Applications/KSK/IS/ayeyarwady-grill/backend/vendor/laravel/framework/src/Illuminate/Pipeline/Pipeline.php(209): Illuminate\\Routing\\Middleware\\SubstituteBindings->handle(Object(Illuminate\\Http\\Request), Object(Closure))
#35 /Applications/KSK/IS/ayeyarwady-grill/backend/vendor/laravel/framework/src/Illuminate/Auth/Middleware/Authenticate.php(64): Illuminate\\Pipeline\\Pipeline->{closure:{closure:Illuminate\\Pipeline\\Pipeline::carry():184}:185}(Object(Illuminate\\Http\\Request))
#36 /Applications/KSK/IS/ayeyarwady-grill/backend/vendor/laravel/framework/src/Illuminate/Pipeline/Pipeline.php(209): Illuminate\\Auth\\Middleware\\Authenticate->handle(Object(Illuminate\\Http\\Request), Object(Closure), 'sanctum')
#37 /Applications/KSK/IS/ayeyarwady-grill/backend/vendor/laravel/framework/src/Illuminate/Pipeline/Pipeline.php(127): Illuminate\\Pipeline\\Pipeline->{closure:{closure:Illuminate\\Pipeline\\Pipeline::carry():184}:185}(Object(Illuminate\\Http\\Request))
#38 /Applications/KSK/IS/ayeyarwady-grill/backend/vendor/laravel/framework/src/Illuminate/Routing/Router.php(807): Illuminate\\Pipeline\\Pipeline->then(Object(Closure))
#39 /Applications/KSK/IS/ayeyarwady-grill/backend/vendor/laravel/framework/src/Illuminate/Routing/Router.php(786): Illuminate\\Routing\\Router->runRouteWithinStack(Object(Illuminate\\Routing\\Route), Object(Illuminate\\Http\\Request))
#40 /Applications/KSK/IS/ayeyarwady-grill/backend/vendor/laravel/framework/src/Illuminate/Routing/Router.php(750): Illuminate\\Routing\\Router->runRoute(Object(Illuminate\\Http\\Request), Object(Illuminate\\Routing\\Route))
#41 /Applications/KSK/IS/ayeyarwady-grill/backend/vendor/laravel/framework/src/Illuminate/Routing/Router.php(739): Illuminate\\Routing\\Router->dispatchToRoute(Object(Illuminate\\Http\\Request))
#42 /Applications/KSK/IS/ayeyarwady-grill/backend/vendor/laravel/framework/src/Illuminate/Foundation/Http/Kernel.php(201): Illuminate\\Routing\\Router->dispatch(Object(Illuminate\\Http\\Request))
#43 /Applications/KSK/IS/ayeyarwady-grill/backend/vendor/laravel/framework/src/Illuminate/Pipeline/Pipeline.php(170): Illuminate\\Foundation\\Http\\Kernel->{closure:Illuminate\\Foundation\\Http\\Kernel::dispatchToRouter():198}(Object(Illuminate\\Http\\Request))
#44 /Applications/KSK/IS/ayeyarwady-grill/backend/vendor/laravel/framework/src/Illuminate/Foundation/Http/Middleware/TransformsRequest.php(21): Illuminate\\Pipeline\\Pipeline->{closure:Illuminate\\Pipeline\\Pipeline::prepareDestination():168}(Object(Illuminate\\Http\\Request))
#45 /Applications/KSK/IS/ayeyarwady-grill/backend/vendor/laravel/framework/src/Illuminate/Foundation/Http/Middleware/ConvertEmptyStringsToNull.php(31): Illuminate\\Foundation\\Http\\Middleware\\TransformsRequest->handle(Object(Illuminate\\Http\\Request), Object(Closure))
#46 /Applications/KSK/IS/ayeyarwady-grill/backend/vendor/laravel/framework/src/Illuminate/Pipeline/Pipeline.php(209): Illuminate\\Foundation\\Http\\Middleware\\ConvertEmptyStringsToNull->handle(Object(Illuminate\\Http\\Request), Object(Closure))
#47 /Applications/KSK/IS/ayeyarwady-grill/backend/vendor/laravel/framework/src/Illuminate/Foundation/Http/Middleware/TransformsRequest.php(21): Illuminate\\Pipeline\\Pipeline->{closure:{closure:Illuminate\\Pipeline\\Pipeline::carry():184}:185}(Object(Illuminate\\Http\\Request))
#48 /Applications/KSK/IS/ayeyarwady-grill/backend/vendor/laravel/framework/src/Illuminate/Foundation/Http/Middleware/TrimStrings.php(51): Illuminate\\Foundation\\Http\\Middleware\\TransformsRequest->handle(Object(Illuminate\\Http\\Request), Object(Closure))
#49 /Applications/KSK/IS/ayeyarwady-grill/backend/vendor/laravel/framework/src/Illuminate/Pipeline/Pipeline.php(209): Illuminate\\Foundation\\Http\\Middleware\\TrimStrings->handle(Object(Illuminate\\Http\\Request), Object(Closure))
#50 /Applications/KSK/IS/ayeyarwady-grill/backend/vendor/laravel/framework/src/Illuminate/Http/Middleware/ValidatePostSize.php(27): Illuminate\\Pipeline\\Pipeline->{closure:{closure:Illuminate\\Pipeline\\Pipeline::carry():184}:185}(Object(Illuminate\\Http\\Request))
#51 /Applications/KSK/IS/ayeyarwady-grill/backend/vendor/laravel/framework/src/Illuminate/Pipeline/Pipeline.php(209): Illuminate\\Http\\Middleware\\ValidatePostSize->handle(Object(Illuminate\\Http\\Request), Object(Closure))
#52 /Applications/KSK/IS/ayeyarwady-grill/backend/vendor/laravel/framework/src/Illuminate/Foundation/Http/Middleware/PreventRequestsDuringMaintenance.php(110): Illuminate\\Pipeline\\Pipeline->{closure:{closure:Illuminate\\Pipeline\\Pipeline::carry():184}:185}(Object(Illuminate\\Http\\Request))
#53 /Applications/KSK/IS/ayeyarwady-grill/backend/vendor/laravel/framework/src/Illuminate/Pipeline/Pipeline.php(209): Illuminate\\Foundation\\Http\\Middleware\\PreventRequestsDuringMaintenance->handle(Object(Illuminate\\Http\\Request), Object(Closure))
#54 /Applications/KSK/IS/ayeyarwady-grill/backend/vendor/laravel/framework/src/Illuminate/Http/Middleware/HandleCors.php(62): Illuminate\\Pipeline\\Pipeline->{closure:{closure:Illuminate\\Pipeline\\Pipeline::carry():184}:185}(Object(Illuminate\\Http\\Request))
#55 /Applications/KSK/IS/ayeyarwady-grill/backend/vendor/laravel/framework/src/Illuminate/Pipeline/Pipeline.php(209): Illuminate\\Http\\Middleware\\HandleCors->handle(Object(Illuminate\\Http\\Request), Object(Closure))
#56 /Applications/KSK/IS/ayeyarwady-grill/backend/vendor/laravel/framework/src/Illuminate/Http/Middleware/TrustProxies.php(58): Illuminate\\Pipeline\\Pipeline->{closure:{closure:Illuminate\\Pipeline\\Pipeline::carry():184}:185}(Object(Illuminate\\Http\\Request))
#57 /Applications/KSK/IS/ayeyarwady-grill/backend/vendor/laravel/framework/src/Illuminate/Pipeline/Pipeline.php(209): Illuminate\\Http\\Middleware\\TrustProxies->handle(Object(Illuminate\\Http\\Request), Object(Closure))
#58 /Applications/KSK/IS/ayeyarwady-grill/backend/vendor/laravel/framework/src/Illuminate/Foundation/Http/Middleware/InvokeDeferredCallbacks.php(22): Illuminate\\Pipeline\\Pipeline->{closure:{closure:Illuminate\\Pipeline\\Pipeline::carry():184}:185}(Object(Illuminate\\Http\\Request))
#59 /Applications/KSK/IS/ayeyarwady-grill/backend/vendor/laravel/framework/src/Illuminate/Pipeline/Pipeline.php(209): Illuminate\\Foundation\\Http\\Middleware\\InvokeDeferredCallbacks->handle(Object(Illuminate\\Http\\Request), Object(Closure))
#60 /Applications/KSK/IS/ayeyarwady-grill/backend/vendor/laravel/framework/src/Illuminate/Pipeline/Pipeline.php(127): Illuminate\\Pipeline\\Pipeline->{closure:{closure:Illuminate\\Pipeline\\Pipeline::carry():184}:185}(Object(Illuminate\\Http\\Request))
#61 /Applications/KSK/IS/ayeyarwady-grill/backend/vendor/laravel/framework/src/Illuminate/Foundation/Http/Kernel.php(176): Illuminate\\Pipeline\\Pipeline->then(Object(Closure))
#62 /Applications/KSK/IS/ayeyarwady-grill/backend/vendor/laravel/framework/src/Illuminate/Foundation/Http/Kernel.php(145): Illuminate\\Foundation\\Http\\Kernel->sendRequestThroughRouter(Object(Illuminate\\Http\\Request))
#63 /Applications/KSK/IS/ayeyarwady-grill/backend/vendor/laravel/framework/src/Illuminate/Foundation/Application.php(1220): Illuminate\\Foundation\\Http\\Kernel->handle(Object(Illuminate\\Http\\Request))
#64 /Applications/KSK/IS/ayeyarwady-grill/backend/public/index.php(21): Illuminate\\Foundation\\Application->handleRequest(Object(Illuminate\\Http\\Request))
#65 /Applications/KSK/IS/ayeyarwady-grill/backend/vendor/laravel/framework/src/Illuminate/Foundation/resources/server.php(23): require_once('/Applications/K...')
#66 {main}
"} 
[2026-09-02 16:50:24] local.ERROR: Pusher error: cURL error 7: Failed to connect to localhost port 8080 after 0 ms: Could not connect to server (see https://curl.se/libcurl/c/libcurl-errors.html) for http://localhost:8080/apps/ayeyarwady-grill/events?auth_key=local-reverb-key&auth_timestamp=1788344424&auth_version=1.0&body_md5=bc7de421af850e36a7581503ac7e82a6&auth_signature=cf444ac99590946a46aaaaa75ad65e53a1cd27f14b8bc3eda45ba13bee2fdeb4. {"userId":1,"exception":"[object] (Illuminate\\Broadcasting\\BroadcastException(code: 0): Pusher error: cURL error 7: Failed to connect to localhost port 8080 after 0 ms: Could not connect to server (see https://curl.se/libcurl/c/libcurl-errors.html) for http://localhost:8080/apps/ayeyarwady-grill/events?auth_key=local-reverb-key&auth_timestamp=1788344424&auth_version=1.0&body_md5=bc7de421af850e36a7581503ac7e82a6&auth_signature=cf444ac99590946a46aaaaa75ad65e53a1cd27f14b8bc3eda45ba13bee2fdeb4. at /Applications/KSK/IS/ayeyarwady-grill/backend/vendor/laravel/framework/src/Illuminate/Broadcasting/Broadcasters/PusherBroadcaster.php:164)
[stacktrace]
#0 /Applications/KSK/IS/ayeyarwady-grill/backend/vendor/laravel/framework/src/Illuminate/Broadcasting/BroadcastEvent.php(93): Illuminate\\Broadcasting\\Broadcasters\\PusherBroadcaster->broadcast(Object(Illuminate\\Support\\Collection), 'booking.new', Array)
#1 /Applications/KSK/IS/ayeyarwady-grill/backend/vendor/laravel/framework/src/Illuminate/Container/BoundMethod.php(36): Illuminate\\Broadcasting\\BroadcastEvent->handle(Object(Illuminate\\Broadcasting\\BroadcastManager))
#2 /Applications/KSK/IS/ayeyarwady-grill/backend/vendor/laravel/framework/src/Illuminate/Container/Util.php(43): Illuminate\\Container\\BoundMethod::{closure:Illuminate\\Container\\BoundMethod::call():35}()
#3 /Applications/KSK/IS/ayeyarwady-grill/backend/vendor/laravel/framework/src/Illuminate/Container/BoundMethod.php(95): Illuminate\\Container\\Util::unwrapIfClosure(Object(Closure))
#4 /Applications/KSK/IS/ayeyarwady-grill/backend/vendor/laravel/framework/src/Illuminate/Container/BoundMethod.php(35): Illuminate\\Container\\BoundMethod::callBoundMethod(Object(Illuminate\\Foundation\\Application), Array, Object(Closure))
#5 /Applications/KSK/IS/ayeyarwady-grill/backend/vendor/laravel/framework/src/Illuminate/Container/Container.php(696): Illuminate\\Container\\BoundMethod::call(Object(Illuminate\\Foundation\\Application), Array, Array, NULL)
#6 /Applications/KSK/IS/ayeyarwady-grill/backend/vendor/laravel/framework/src/Illuminate/Bus/Dispatcher.php(126): Illuminate\\Container\\Container->call(Array)
#7 /Applications/KSK/IS/ayeyarwady-grill/backend/vendor/laravel/framework/src/Illuminate/Pipeline/Pipeline.php(170): Illuminate\\Bus\\Dispatcher->{closure:Illuminate\\Bus\\Dispatcher::dispatchNow():123}(Object(Illuminate\\Broadcasting\\BroadcastEvent))
#8 /Applications/KSK/IS/ayeyarwady-grill/backend/vendor/laravel/framework/src/Illuminate/Pipeline/Pipeline.php(127): Illuminate\\Pipeline\\Pipeline->{closure:Illuminate\\Pipeline\\Pipeline::prepareDestination():168}(Object(Illuminate\\Broadcasting\\BroadcastEvent))
#9 /Applications/KSK/IS/ayeyarwady-grill/backend/vendor/laravel/framework/src/Illuminate/Bus/Dispatcher.php(130): Illuminate\\Pipeline\\Pipeline->then(Object(Closure))
#10 /Applications/KSK/IS/ayeyarwady-grill/backend/vendor/laravel/framework/src/Illuminate/Queue/CallQueuedHandler.php(126): Illuminate\\Bus\\Dispatcher->dispatchNow(Object(Illuminate\\Broadcasting\\BroadcastEvent), false)
#11 /Applications/KSK/IS/ayeyarwady-grill/backend/vendor/laravel/framework/src/Illuminate/Pipeline/Pipeline.php(170): Illuminate\\Queue\\CallQueuedHandler->{closure:Illuminate\\Queue\\CallQueuedHandler::dispatchThroughMiddleware():121}(Object(Illuminate\\Broadcasting\\BroadcastEvent))
#12 /Applications/KSK/IS/ayeyarwady-grill/backend/vendor/laravel/framework/src/Illuminate/Pipeline/Pipeline.php(127): Illuminate\\Pipeline\\Pipeline->{closure:Illuminate\\Pipeline\\Pipeline::prepareDestination():168}(Object(Illuminate\\Broadcasting\\BroadcastEvent))
#13 /Applications/KSK/IS/ayeyarwady-grill/backend/vendor/laravel/framework/src/Illuminate/Queue/CallQueuedHandler.php(121): Illuminate\\Pipeline\\Pipeline->then(Object(Closure))
#14 /Applications/KSK/IS/ayeyarwady-grill/backend/vendor/laravel/framework/src/Illuminate/Queue/CallQueuedHandler.php(69): Illuminate\\Queue\\CallQueuedHandler->dispatchThroughMiddleware(Object(Illuminate\\Queue\\Jobs\\SyncJob), Object(Illuminate\\Broadcasting\\BroadcastEvent))
#15 /Applications/KSK/IS/ayeyarwady-grill/backend/vendor/laravel/framework/src/Illuminate/Queue/Jobs/Job.php(102): Illuminate\\Queue\\CallQueuedHandler->call(Object(Illuminate\\Queue\\Jobs\\SyncJob), Array)
#16 /Applications/KSK/IS/ayeyarwady-grill/backend/vendor/laravel/framework/src/Illuminate/Queue/SyncQueue.php(76): Illuminate\\Queue\\Jobs\\Job->fire()
#17 /Applications/KSK/IS/ayeyarwady-grill/backend/vendor/laravel/framework/src/Illuminate/Queue/SyncQueue.php(56): Illuminate\\Queue\\SyncQueue->executeJob(Object(Illuminate\\Broadcasting\\BroadcastEvent), '', NULL)
#18 /Applications/KSK/IS/ayeyarwady-grill/backend/vendor/laravel/framework/src/Illuminate/Queue/Queue.php(59): Illuminate\\Queue\\SyncQueue->push(Object(Illuminate\\Broadcasting\\BroadcastEvent), '', NULL)
#19 /Applications/KSK/IS/ayeyarwady-grill/backend/vendor/laravel/framework/src/Illuminate/Broadcasting/BroadcastManager.php(207): Illuminate\\Queue\\Queue->pushOn(NULL, Object(Illuminate\\Broadcasting\\BroadcastEvent))
#20 /Applications/KSK/IS/ayeyarwady-grill/backend/vendor/laravel/framework/src/Illuminate/Events/Dispatcher.php(358): Illuminate\\Broadcasting\\BroadcastManager->queue(Object(App\\Events\\BookingCreated))
#21 /Applications/KSK/IS/ayeyarwady-grill/backend/vendor/laravel/framework/src/Illuminate/Events/Dispatcher.php(281): Illuminate\\Events\\Dispatcher->broadcastEvent(Object(App\\Events\\BookingCreated))
#22 /Applications/KSK/IS/ayeyarwady-grill/backend/vendor/laravel/framework/src/Illuminate/Events/Dispatcher.php(267): Illuminate\\Events\\Dispatcher->invokeListeners('App\\\\Events\\\\Book...', Array, false)
#23 /Applications/KSK/IS/ayeyarwady-grill/backend/vendor/laravel/framework/src/Illuminate/Broadcasting/PendingBroadcast.php(72): Illuminate\\Events\\Dispatcher->dispatch('App\\\\Events\\\\Book...')
#24 /Applications/KSK/IS/ayeyarwady-grill/backend/vendor/laravel/framework/src/Illuminate/Foundation/helpers.php(223): Illuminate\\Broadcasting\\PendingBroadcast->__destruct()
#25 /Applications/KSK/IS/ayeyarwady-grill/backend/app/Http/Controllers/Api/BookingController.php(95): broadcast(Object(App\\Events\\BookingCreated))
#26 /Applications/KSK/IS/ayeyarwady-grill/backend/vendor/laravel/framework/src/Illuminate/Routing/ControllerDispatcher.php(47): App\\Http\\Controllers\\Api\\BookingController->store(Object(Illuminate\\Http\\Request))
#27 /Applications/KSK/IS/ayeyarwady-grill/backend/vendor/laravel/framework/src/Illuminate/Routing/Route.php(266): Illuminate\\Routing\\ControllerDispatcher->dispatch(Object(Illuminate\\Routing\\Route), Object(App\\Http\\Controllers\\Api\\BookingController), 'store')
#28 /Applications/KSK/IS/ayeyarwady-grill/backend/vendor/laravel/framework/src/Illuminate/Routing/Route.php(212): Illuminate\\Routing\\Route->runController()
#29 /Applications/KSK/IS/ayeyarwady-grill/backend/vendor/laravel/framework/src/Illuminate/Routing/Router.php(808): Illuminate\\Routing\\Route->run()
#30 /Applications/KSK/IS/ayeyarwady-grill/backend/vendor/laravel/framework/src/Illuminate/Pipeline/Pipeline.php(170): Illuminate\\Routing\\Router->{closure:Illuminate\\Routing\\Router::runRouteWithinStack():807}(Object(Illuminate\\Http\\Request))
#31 /Applications/KSK/IS/ayeyarwady-grill/backend/app/Http/Middleware/RoleMiddleware.php(39): Illuminate\\Pipeline\\Pipeline->{closure:Illuminate\\Pipeline\\Pipeline::prepareDestination():168}(Object(Illuminate\\Http\\Request))
#32 /Applications/KSK/IS/ayeyarwady-grill/backend/vendor/laravel/framework/src/Illuminate/Pipeline/Pipeline.php(209): App\\Http\\Middleware\\RoleMiddleware->handle(Object(Illuminate\\Http\\Request), Object(Closure), 'customer')
#33 /Applications/KSK/IS/ayeyarwady-grill/backend/vendor/laravel/framework/src/Illuminate/Routing/Middleware/SubstituteBindings.php(51): Illuminate\\Pipeline\\Pipeline->{closure:{closure:Illuminate\\Pipeline\\Pipeline::carry():184}:185}(Object(Illuminate\\Http\\Request))
#34 /Applications/KSK/IS/ayeyarwady-grill/backend/vendor/laravel/framework/src/Illuminate/Pipeline/Pipeline.php(209): Illuminate\\Routing\\Middleware\\SubstituteBindings->handle(Object(Illuminate\\Http\\Request), Object(Closure))
#35 /Applications/KSK/IS/ayeyarwady-grill/backend/vendor/laravel/framework/src/Illuminate/Auth/Middleware/Authenticate.php(64): Illuminate\\Pipeline\\Pipeline->{closure:{closure:Illuminate\\Pipeline\\Pipeline::carry():184}:185}(Object(Illuminate\\Http\\Request))
#36 /Applications/KSK/IS/ayeyarwady-grill/backend/vendor/laravel/framework/src/Illuminate/Pipeline/Pipeline.php(209): Illuminate\\Auth\\Middleware\\Authenticate->handle(Object(Illuminate\\Http\\Request), Object(Closure), 'sanctum')
#37 /Applications/KSK/IS/ayeyarwady-grill/backend/vendor/laravel/framework/src/Illuminate/Pipeline/Pipeline.php(127): Illuminate\\Pipeline\\Pipeline->{closure:{closure:Illuminate\\Pipeline\\Pipeline::carry():184}:185}(Object(Illuminate\\Http\\Request))
#38 /Applications/KSK/IS/ayeyarwady-grill/backend/vendor/laravel/framework/src/Illuminate/Routing/Router.php(807): Illuminate\\Pipeline\\Pipeline->then(Object(Closure))
#39 /Applications/KSK/IS/ayeyarwady-grill/backend/vendor/laravel/framework/src/Illuminate/Routing/Router.php(786): Illuminate\\Routing\\Router->runRouteWithinStack(Object(Illuminate\\Routing\\Route), Object(Illuminate\\Http\\Request))
#40 /Applications/KSK/IS/ayeyarwady-grill/backend/vendor/laravel/framework/src/Illuminate/Routing/Router.php(750): Illuminate\\Routing\\Router->runRoute(Object(Illuminate\\Http\\Request), Object(Illuminate\\Routing\\Route))
#41 /Applications/KSK/IS/ayeyarwady-grill/backend/vendor/laravel/framework/src/Illuminate/Routing/Router.php(739): Illuminate\\Routing\\Router->dispatchToRoute(Object(Illuminate\\Http\\Request))
#42 /Applications/KSK/IS/ayeyarwady-grill/backend/vendor/laravel/framework/src/Illuminate/Foundation/Http/Kernel.php(201): Illuminate\\Routing\\Router->dispatch(Object(Illuminate\\Http\\Request))
#43 /Applications/KSK/IS/ayeyarwady-grill/backend/vendor/laravel/framework/src/Illuminate/Pipeline/Pipeline.php(170): Illuminate\\Foundation\\Http\\Kernel->{closure:Illuminate\\Foundation\\Http\\Kernel::dispatchToRouter():198}(Object(Illuminate\\Http\\Request))
#44 /Applications/KSK/IS/ayeyarwady-grill/backend/vendor/laravel/framework/src/Illuminate/Foundation/Http/Middleware/TransformsRequest.php(21): Illuminate\\Pipeline\\Pipeline->{closure:Illuminate\\Pipeline\\Pipeline::prepareDestination():168}(Object(Illuminate\\Http\\Request))
#45 /Applications/KSK/IS/ayeyarwady-grill/backend/vendor/laravel/framework/src/Illuminate/Foundation/Http/Middleware/ConvertEmptyStringsToNull.php(31): Illuminate\\Foundation\\Http\\Middleware\\TransformsRequest->handle(Object(Illuminate\\Http\\Request), Object(Closure))
#46 /Applications/KSK/IS/ayeyarwady-grill/backend/vendor/laravel/framework/src/Illuminate/Pipeline/Pipeline.php(209): Illuminate\\Foundation\\Http\\Middleware\\ConvertEmptyStringsToNull->handle(Object(Illuminate\\Http\\Request), Object(Closure))
#47 /Applications/KSK/IS/ayeyarwady-grill/backend/vendor/laravel/framework/src/Illuminate/Foundation/Http/Middleware/TransformsRequest.php(21): Illuminate\\Pipeline\\Pipeline->{closure:{closure:Illuminate\\Pipeline\\Pipeline::carry():184}:185}(Object(Illuminate\\Http\\Request))
#48 /Applications/KSK/IS/ayeyarwady-grill/backend/vendor/laravel/framework/src/Illuminate/Foundation/Http/Middleware/TrimStrings.php(51): Illuminate\\Foundation\\Http\\Middleware\\TransformsRequest->handle(Object(Illuminate\\Http\\Request), Object(Closure))
#49 /Applications/KSK/IS/ayeyarwady-grill/backend/vendor/laravel/framework/src/Illuminate/Pipeline/Pipeline.php(209): Illuminate\\Foundation\\Http\\Middleware\\TrimStrings->handle(Object(Illuminate\\Http\\Request), Object(Closure))
#50 /Applications/KSK/IS/ayeyarwady-grill/backend/vendor/laravel/framework/src/Illuminate/Http/Middleware/ValidatePostSize.php(27): Illuminate\\Pipeline\\Pipeline->{closure:{closure:Illuminate\\Pipeline\\Pipeline::carry():184}:185}(Object(Illuminate\\Http\\Request))
#51 /Applications/KSK/IS/ayeyarwady-grill/backend/vendor/laravel/framework/src/Illuminate/Pipeline/Pipeline.php(209): Illuminate\\Http\\Middleware\\ValidatePostSize->handle(Object(Illuminate\\Http\\Request), Object(Closure))
#52 /Applications/KSK/IS/ayeyarwady-grill/backend/vendor/laravel/framework/src/Illuminate/Foundation/Http/Middleware/PreventRequestsDuringMaintenance.php(110): Illuminate\\Pipeline\\Pipeline->{closure:{closure:Illuminate\\Pipeline\\Pipeline::carry():184}:185}(Object(Illuminate\\Http\\Request))
#53 /Applications/KSK/IS/ayeyarwady-grill/backend/vendor/laravel/framework/src/Illuminate/Pipeline/Pipeline.php(209): Illuminate\\Foundation\\Http\\Middleware\\PreventRequestsDuringMaintenance->handle(Object(Illuminate\\Http\\Request), Object(Closure))
#54 /Applications/KSK/IS/ayeyarwady-grill/backend/vendor/laravel/framework/src/Illuminate/Http/Middleware/HandleCors.php(62): Illuminate\\Pipeline\\Pipeline->{closure:{closure:Illuminate\\Pipeline\\Pipeline::carry():184}:185}(Object(Illuminate\\Http\\Request))
#55 /Applications/KSK/IS/ayeyarwady-grill/backend/vendor/laravel/framework/src/Illuminate/Pipeline/Pipeline.php(209): Illuminate\\Http\\Middleware\\HandleCors->handle(Object(Illuminate\\Http\\Request), Object(Closure))
#56 /Applications/KSK/IS/ayeyarwady-grill/backend/vendor/laravel/framework/src/Illuminate/Http/Middleware/TrustProxies.php(58): Illuminate\\Pipeline\\Pipeline->{closure:{closure:Illuminate\\Pipeline\\Pipeline::carry():184}:185}(Object(Illuminate\\Http\\Request))
#57 /Applications/KSK/IS/ayeyarwady-grill/backend/vendor/laravel/framework/src/Illuminate/Pipeline/Pipeline.php(209): Illuminate\\Http\\Middleware\\TrustProxies->handle(Object(Illuminate\\Http\\Request), Object(Closure))
#58 /Applications/KSK/IS/ayeyarwady-grill/backend/vendor/laravel/framework/src/Illuminate/Foundation/Http/Middleware/InvokeDeferredCallbacks.php(22): Illuminate\\Pipeline\\Pipeline->{closure:{closure:Illuminate\\Pipeline\\Pipeline::carry():184}:185}(Object(Illuminate\\Http\\Request))
#59 /Applications/KSK/IS/ayeyarwady-grill/backend/vendor/laravel/framework/src/Illuminate/Pipeline/Pipeline.php(209): Illuminate\\Foundation\\Http\\Middleware\\InvokeDeferredCallbacks->handle(Object(Illuminate\\Http\\Request), Object(Closure))
#60 /Applications/KSK/IS/ayeyarwady-grill/backend/vendor/laravel/framework/src/Illuminate/Pipeline/Pipeline.php(127): Illuminate\\Pipeline\\Pipeline->{closure:{closure:Illuminate\\Pipeline\\Pipeline::carry():184}:185}(Object(Illuminate\\Http\\Request))
#61 /Applications/KSK/IS/ayeyarwady-grill/backend/vendor/laravel/framework/src/Illuminate/Foundation/Http/Kernel.php(176): Illuminate\\Pipeline\\Pipeline->then(Object(Closure))
#62 /Applications/KSK/IS/ayeyarwady-grill/backend/vendor/laravel/framework/src/Illuminate/Foundation/Http/Kernel.php(145): Illuminate\\Foundation\\Http\\Kernel->sendRequestThroughRouter(Object(Illuminate\\Http\\Request))
#63 /Applications/KSK/IS/ayeyarwady-grill/backend/vendor/laravel/framework/src/Illuminate/Foundation/Application.php(1220): Illuminate\\Foundation\\Http\\Kernel->handle(Object(Illuminate\\Http\\Request))
#64 /Applications/KSK/IS/ayeyarwady-grill/backend/public/index.php(21): Illuminate\\Foundation\\Application->handleRequest(Object(Illuminate\\Http\\Request))
#65 /Applications/KSK/IS/ayeyarwady-grill/backend/vendor/laravel/framework/src/Illuminate/Foundation/resources/server.php(23): require_once('/Applications/K...')
#66 {main}
"} 
[2026-09-02 16:50:25] local.ERROR: Pusher error: cURL error 7: Failed to connect to localhost port 8080 after 0 ms: Could not connect to server (see https://curl.se/libcurl/c/libcurl-errors.html) for http://localhost:8080/apps/ayeyarwady-grill/events?auth_key=local-reverb-key&auth_timestamp=1788344425&auth_version=1.0&body_md5=85f889445159ff7f8498063ddbe92f89&auth_signature=6812b0e2e51d7586e757f8136ff95026c997e12b3b4fb6bcb2848e40e9e5f675. {"userId":1,"exception":"[object] (Illuminate\\Broadcasting\\BroadcastException(code: 0): Pusher error: cURL error 7: Failed to connect to localhost port 8080 after 0 ms: Could not connect to server (see https://curl.se/libcurl/c/libcurl-errors.html) for http://localhost:8080/apps/ayeyarwady-grill/events?auth_key=local-reverb-key&auth_timestamp=1788344425&auth_version=1.0&body_md5=85f889445159ff7f8498063ddbe92f89&auth_signature=6812b0e2e51d7586e757f8136ff95026c997e12b3b4fb6bcb2848e40e9e5f675. at /Applications/KSK/IS/ayeyarwady-grill/backend/vendor/laravel/framework/src/Illuminate/Broadcasting/Broadcasters/PusherBroadcaster.php:164)
[stacktrace]
#0 /Applications/KSK/IS/ayeyarwady-grill/backend/vendor/laravel/framework/src/Illuminate/Broadcasting/BroadcastEvent.php(93): Illuminate\\Broadcasting\\Broadcasters\\PusherBroadcaster->broadcast(Object(Illuminate\\Support\\Collection), 'booking.new', Array)
#1 /Applications/KSK/IS/ayeyarwady-grill/backend/vendor/laravel/framework/src/Illuminate/Container/BoundMethod.php(36): Illuminate\\Broadcasting\\BroadcastEvent->handle(Object(Illuminate\\Broadcasting\\BroadcastManager))
#2 /Applications/KSK/IS/ayeyarwady-grill/backend/vendor/laravel/framework/src/Illuminate/Container/Util.php(43): Illuminate\\Container\\BoundMethod::{closure:Illuminate\\Container\\BoundMethod::call():35}()
#3 /Applications/KSK/IS/ayeyarwady-grill/backend/vendor/laravel/framework/src/Illuminate/Container/BoundMethod.php(95): Illuminate\\Container\\Util::unwrapIfClosure(Object(Closure))
#4 /Applications/KSK/IS/ayeyarwady-grill/backend/vendor/laravel/framework/src/Illuminate/Container/BoundMethod.php(35): Illuminate\\Container\\BoundMethod::callBoundMethod(Object(Illuminate\\Foundation\\Application), Array, Object(Closure))
#5 /Applications/KSK/IS/ayeyarwady-grill/backend/vendor/laravel/framework/src/Illuminate/Container/Container.php(696): Illuminate\\Container\\BoundMethod::call(Object(Illuminate\\Foundation\\Application), Array, Array, NULL)
#6 /Applications/KSK/IS/ayeyarwady-grill/backend/vendor/laravel/framework/src/Illuminate/Bus/Dispatcher.php(126): Illuminate\\Container\\Container->call(Array)
#7 /Applications/KSK/IS/ayeyarwady-grill/backend/vendor/laravel/framework/src/Illuminate/Pipeline/Pipeline.php(170): Illuminate\\Bus\\Dispatcher->{closure:Illuminate\\Bus\\Dispatcher::dispatchNow():123}(Object(Illuminate\\Broadcasting\\BroadcastEvent))
#8 /Applications/KSK/IS/ayeyarwady-grill/backend/vendor/laravel/framework/src/Illuminate/Pipeline/Pipeline.php(127): Illuminate\\Pipeline\\Pipeline->{closure:Illuminate\\Pipeline\\Pipeline::prepareDestination():168}(Object(Illuminate\\Broadcasting\\BroadcastEvent))
#9 /Applications/KSK/IS/ayeyarwady-grill/backend/vendor/laravel/framework/src/Illuminate/Bus/Dispatcher.php(130): Illuminate\\Pipeline\\Pipeline->then(Object(Closure))
#10 /Applications/KSK/IS/ayeyarwady-grill/backend/vendor/laravel/framework/src/Illuminate/Queue/CallQueuedHandler.php(126): Illuminate\\Bus\\Dispatcher->dispatchNow(Object(Illuminate\\Broadcasting\\BroadcastEvent), false)
#11 /Applications/KSK/IS/ayeyarwady-grill/backend/vendor/laravel/framework/src/Illuminate/Pipeline/Pipeline.php(170): Illuminate\\Queue\\CallQueuedHandler->{closure:Illuminate\\Queue\\CallQueuedHandler::dispatchThroughMiddleware():121}(Object(Illuminate\\Broadcasting\\BroadcastEvent))
#12 /Applications/KSK/IS/ayeyarwady-grill/backend/vendor/laravel/framework/src/Illuminate/Pipeline/Pipeline.php(127): Illuminate\\Pipeline\\Pipeline->{closure:Illuminate\\Pipeline\\Pipeline::prepareDestination():168}(Object(Illuminate\\Broadcasting\\BroadcastEvent))
#13 /Applications/KSK/IS/ayeyarwady-grill/backend/vendor/laravel/framework/src/Illuminate/Queue/CallQueuedHandler.php(121): Illuminate\\Pipeline\\Pipeline->then(Object(Closure))
#14 /Applications/KSK/IS/ayeyarwady-grill/backend/vendor/laravel/framework/src/Illuminate/Queue/CallQueuedHandler.php(69): Illuminate\\Queue\\CallQueuedHandler->dispatchThroughMiddleware(Object(Illuminate\\Queue\\Jobs\\SyncJob), Object(Illuminate\\Broadcasting\\BroadcastEvent))
#15 /Applications/KSK/IS/ayeyarwady-grill/backend/vendor/laravel/framework/src/Illuminate/Queue/Jobs/Job.php(102): Illuminate\\Queue\\CallQueuedHandler->call(Object(Illuminate\\Queue\\Jobs\\SyncJob), Array)
#16 /Applications/KSK/IS/ayeyarwady-grill/backend/vendor/laravel/framework/src/Illuminate/Queue/SyncQueue.php(76): Illuminate\\Queue\\Jobs\\Job->fire()
#17 /Applications/KSK/IS/ayeyarwady-grill/backend/vendor/laravel/framework/src/Illuminate/Queue/SyncQueue.php(56): Illuminate\\Queue\\SyncQueue->executeJob(Object(Illuminate\\Broadcasting\\BroadcastEvent), '', NULL)
#18 /Applications/KSK/IS/ayeyarwady-grill/backend/vendor/laravel/framework/src/Illuminate/Queue/Queue.php(59): Illuminate\\Queue\\SyncQueue->push(Object(Illuminate\\Broadcasting\\BroadcastEvent), '', NULL)
#19 /Applications/KSK/IS/ayeyarwady-grill/backend/vendor/laravel/framework/src/Illuminate/Broadcasting/BroadcastManager.php(207): Illuminate\\Queue\\Queue->pushOn(NULL, Object(Illuminate\\Broadcasting\\BroadcastEvent))
#20 /Applications/KSK/IS/ayeyarwady-grill/backend/vendor/laravel/framework/src/Illuminate/Events/Dispatcher.php(358): Illuminate\\Broadcasting\\BroadcastManager->queue(Object(App\\Events\\BookingCreated))
#21 /Applications/KSK/IS/ayeyarwady-grill/backend/vendor/laravel/framework/src/Illuminate/Events/Dispatcher.php(281): Illuminate\\Events\\Dispatcher->broadcastEvent(Object(App\\Events\\BookingCreated))
#22 /Applications/KSK/IS/ayeyarwady-grill/backend/vendor/laravel/framework/src/Illuminate/Events/Dispatcher.php(267): Illuminate\\Events\\Dispatcher->invokeListeners('App\\\\Events\\\\Book...', Array, false)
#23 /Applications/KSK/IS/ayeyarwady-grill/backend/vendor/laravel/framework/src/Illuminate/Broadcasting/PendingBroadcast.php(72): Illuminate\\Events\\Dispatcher->dispatch('App\\\\Events\\\\Book...')
#24 /Applications/KSK/IS/ayeyarwady-grill/backend/vendor/laravel/framework/src/Illuminate/Foundation/helpers.php(223): Illuminate\\Broadcasting\\PendingBroadcast->__destruct()
#25 /Applications/KSK/IS/ayeyarwady-grill/backend/app/Http/Controllers/Api/BookingController.php(95): broadcast(Object(App\\Events\\BookingCreated))
#26 /Applications/KSK/IS/ayeyarwady-grill/backend/vendor/laravel/framework/src/Illuminate/Routing/ControllerDispatcher.php(47): App\\Http\\Controllers\\Api\\BookingController->store(Object(Illuminate\\Http\\Request))
#27 /Applications/KSK/IS/ayeyarwady-grill/backend/vendor/laravel/framework/src/Illuminate/Routing/Route.php(266): Illuminate\\Routing\\ControllerDispatcher->dispatch(Object(Illuminate\\Routing\\Route), Object(App\\Http\\Controllers\\Api\\BookingController), 'store')
#28 /Applications/KSK/IS/ayeyarwady-grill/backend/vendor/laravel/framework/src/Illuminate/Routing/Route.php(212): Illuminate\\Routing\\Route->runController()
#29 /Applications/KSK/IS/ayeyarwady-grill/backend/vendor/laravel/framework/src/Illuminate/Routing/Router.php(808): Illuminate\\Routing\\Route->run()
#30 /Applications/KSK/IS/ayeyarwady-grill/backend/vendor/laravel/framework/src/Illuminate/Pipeline/Pipeline.php(170): Illuminate\\Routing\\Router->{closure:Illuminate\\Routing\\Router::runRouteWithinStack():807}(Object(Illuminate\\Http\\Request))
#31 /Applications/KSK/IS/ayeyarwady-grill/backend/app/Http/Middleware/RoleMiddleware.php(39): Illuminate\\Pipeline\\Pipeline->{closure:Illuminate\\Pipeline\\Pipeline::prepareDestination():168}(Object(Illuminate\\Http\\Request))
#32 /Applications/KSK/IS/ayeyarwady-grill/backend/vendor/laravel/framework/src/Illuminate/Pipeline/Pipeline.php(209): App\\Http\\Middleware\\RoleMiddleware->handle(Object(Illuminate\\Http\\Request), Object(Closure), 'customer')
#33 /Applications/KSK/IS/ayeyarwady-grill/backend/vendor/laravel/framework/src/Illuminate/Routing/Middleware/SubstituteBindings.php(51): Illuminate\\Pipeline\\Pipeline->{closure:{closure:Illuminate\\Pipeline\\Pipeline::carry():184}:185}(Object(Illuminate\\Http\\Request))
#34 /Applications/KSK/IS/ayeyarwady-grill/backend/vendor/laravel/framework/src/Illuminate/Pipeline/Pipeline.php(209): Illuminate\\Routing\\Middleware\\SubstituteBindings->handle(Object(Illuminate\\Http\\Request), Object(Closure))
#35 /Applications/KSK/IS/ayeyarwady-grill/backend/vendor/laravel/framework/src/Illuminate/Auth/Middleware/Authenticate.php(64): Illuminate\\Pipeline\\Pipeline->{closure:{closure:Illuminate\\Pipeline\\Pipeline::carry():184}:185}(Object(Illuminate\\Http\\Request))
#36 /Applications/KSK/IS/ayeyarwady-grill/backend/vendor/laravel/framework/src/Illuminate/Pipeline/Pipeline.php(209): Illuminate\\Auth\\Middleware\\Authenticate->handle(Object(Illuminate\\Http\\Request), Object(Closure), 'sanctum')
#37 /Applications/KSK/IS/ayeyarwady-grill/backend/vendor/laravel/framework/src/Illuminate/Pipeline/Pipeline.php(127): Illuminate\\Pipeline\\Pipeline->{closure:{closure:Illuminate\\Pipeline\\Pipeline::carry():184}:185}(Object(Illuminate\\Http\\Request))
#38 /Applications/KSK/IS/ayeyarwady-grill/backend/vendor/laravel/framework/src/Illuminate/Routing/Router.php(807): Illuminate\\Pipeline\\Pipeline->then(Object(Closure))
#39 /Applications/KSK/IS/ayeyarwady-grill/backend/vendor/laravel/framework/src/Illuminate/Routing/Router.php(786): Illuminate\\Routing\\Router->runRouteWithinStack(Object(Illuminate\\Routing\\Route), Object(Illuminate\\Http\\Request))
#40 /Applications/KSK/IS/ayeyarwady-grill/backend/vendor/laravel/framework/src/Illuminate/Routing/Router.php(750): Illuminate\\Routing\\Router->runRoute(Object(Illuminate\\Http\\Request), Object(Illuminate\\Routing\\Route))
#41 /Applications/KSK/IS/ayeyarwady-grill/backend/vendor/laravel/framework/src/Illuminate/Routing/Router.php(739): Illuminate\\Routing\\Router->dispatchToRoute(Object(Illuminate\\Http\\Request))
#42 /Applications/KSK/IS/ayeyarwady-grill/backend/vendor/laravel/framework/src/Illuminate/Foundation/Http/Kernel.php(201): Illuminate\\Routing\\Router->dispatch(Object(Illuminate\\Http\\Request))
#43 /Applications/KSK/IS/ayeyarwady-grill/backend/vendor/laravel/framework/src/Illuminate/Pipeline/Pipeline.php(170): Illuminate\\Foundation\\Http\\Kernel->{closure:Illuminate\\Foundation\\Http\\Kernel::dispatchToRouter():198}(Object(Illuminate\\Http\\Request))
#44 /Applications/KSK/IS/ayeyarwady-grill/backend/vendor/laravel/framework/src/Illuminate/Foundation/Http/Middleware/TransformsRequest.php(21): Illuminate\\Pipeline\\Pipeline->{closure:Illuminate\\Pipeline\\Pipeline::prepareDestination():168}(Object(Illuminate\\Http\\Request))
#45 /Applications/KSK/IS/ayeyarwady-grill/backend/vendor/laravel/framework/src/Illuminate/Foundation/Http/Middleware/ConvertEmptyStringsToNull.php(31): Illuminate\\Foundation\\Http\\Middleware\\TransformsRequest->handle(Object(Illuminate\\Http\\Request), Object(Closure))
#46 /Applications/KSK/IS/ayeyarwady-grill/backend/vendor/laravel/framework/src/Illuminate/Pipeline/Pipeline.php(209): Illuminate\\Foundation\\Http\\Middleware\\ConvertEmptyStringsToNull->handle(Object(Illuminate\\Http\\Request), Object(Closure))
#47 /Applications/KSK/IS/ayeyarwady-grill/backend/vendor/laravel/framework/src/Illuminate/Foundation/Http/Middleware/TransformsRequest.php(21): Illuminate\\Pipeline\\Pipeline->{closure:{closure:Illuminate\\Pipeline\\Pipeline::carry():184}:185}(Object(Illuminate\\Http\\Request))
#48 /Applications/KSK/IS/ayeyarwady-grill/backend/vendor/laravel/framework/src/Illuminate/Foundation/Http/Middleware/TrimStrings.php(51): Illuminate\\Foundation\\Http\\Middleware\\TransformsRequest->handle(Object(Illuminate\\Http\\Request), Object(Closure))
#49 /Applications/KSK/IS/ayeyarwady-grill/backend/vendor/laravel/framework/src/Illuminate/Pipeline/Pipeline.php(209): Illuminate\\Foundation\\Http\\Middleware\\TrimStrings->handle(Object(Illuminate\\Http\\Request), Object(Closure))
#50 /Applications/KSK/IS/ayeyarwady-grill/backend/vendor/laravel/framework/src/Illuminate/Http/Middleware/ValidatePostSize.php(27): Illuminate\\Pipeline\\Pipeline->{closure:{closure:Illuminate\\Pipeline\\Pipeline::carry():184}:185}(Object(Illuminate\\Http\\Request))
#51 /Applications/KSK/IS/ayeyarwady-grill/backend/vendor/laravel/framework/src/Illuminate/Pipeline/Pipeline.php(209): Illuminate\\Http\\Middleware\\ValidatePostSize->handle(Object(Illuminate\\Http\\Request), Object(Closure))
#52 /Applications/KSK/IS/ayeyarwady-grill/backend/vendor/laravel/framework/src/Illuminate/Foundation/Http/Middleware/PreventRequestsDuringMaintenance.php(110): Illuminate\\Pipeline\\Pipeline->{closure:{closure:Illuminate\\Pipeline\\Pipeline::carry():184}:185}(Object(Illuminate\\Http\\Request))
#53 /Applications/KSK/IS/ayeyarwady-grill/backend/vendor/laravel/framework/src/Illuminate/Pipeline/Pipeline.php(209): Illuminate\\Foundation\\Http\\Middleware\\PreventRequestsDuringMaintenance->handle(Object(Illuminate\\Http\\Request), Object(Closure))
#54 /Applications/KSK/IS/ayeyarwady-grill/backend/vendor/laravel/framework/src/Illuminate/Http/Middleware/HandleCors.php(62): Illuminate\\Pipeline\\Pipeline->{closure:{closure:Illuminate\\Pipeline\\Pipeline::carry():184}:185}(Object(Illuminate\\Http\\Request))
#55 /Applications/KSK/IS/ayeyarwady-grill/backend/vendor/laravel/framework/src/Illuminate/Pipeline/Pipeline.php(209): Illuminate\\Http\\Middleware\\HandleCors->handle(Object(Illuminate\\Http\\Request), Object(Closure))
#56 /Applications/KSK/IS/ayeyarwady-grill/backend/vendor/laravel/framework/src/Illuminate/Http/Middleware/TrustProxies.php(58): Illuminate\\Pipeline\\Pipeline->{closure:{closure:Illuminate\\Pipeline\\Pipeline::carry():184}:185}(Object(Illuminate\\Http\\Request))
#57 /Applications/KSK/IS/ayeyarwady-grill/backend/vendor/laravel/framework/src/Illuminate/Pipeline/Pipeline.php(209): Illuminate\\Http\\Middleware\\TrustProxies->handle(Object(Illuminate\\Http\\Request), Object(Closure))
#58 /Applications/KSK/IS/ayeyarwady-grill/backend/vendor/laravel/framework/src/Illuminate/Foundation/Http/Middleware/InvokeDeferredCallbacks.php(22): Illuminate\\Pipeline\\Pipeline->{closure:{closure:Illuminate\\Pipeline\\Pipeline::carry():184}:185}(Object(Illuminate\\Http\\Request))
#59 /Applications/KSK/IS/ayeyarwady-grill/backend/vendor/laravel/framework/src/Illuminate/Pipeline/Pipeline.php(209): Illuminate\\Foundation\\Http\\Middleware\\InvokeDeferredCallbacks->handle(Object(Illuminate\\Http\\Request), Object(Closure))
#60 /Applications/KSK/IS/ayeyarwady-grill/backend/vendor/laravel/framework/src/Illuminate/Pipeline/Pipeline.php(127): Illuminate\\Pipeline\\Pipeline->{closure:{closure:Illuminate\\Pipeline\\Pipeline::carry():184}:185}(Object(Illuminate\\Http\\Request))
#61 /Applications/KSK/IS/ayeyarwady-grill/backend/vendor/laravel/framework/src/Illuminate/Foundation/Http/Kernel.php(176): Illuminate\\Pipeline\\Pipeline->then(Object(Closure))
#62 /Applications/KSK/IS/ayeyarwady-grill/backend/vendor/laravel/framework/src/Illuminate/Foundation/Http/Kernel.php(145): Illuminate\\Foundation\\Http\\Kernel->sendRequestThroughRouter(Object(Illuminate\\Http\\Request))
#63 /Applications/KSK/IS/ayeyarwady-grill/backend/vendor/laravel/framework/src/Illuminate/Foundation/Application.php(1220): Illuminate\\Foundation\\Http\\Kernel->handle(Object(Illuminate\\Http\\Request))
#64 /Applications/KSK/IS/ayeyarwady-grill/backend/public/index.php(21): Illuminate\\Foundation\\Application->handleRequest(Object(Illuminate\\Http\\Request))
#65 /Applications/KSK/IS/ayeyarwady-grill/backend/vendor/laravel/framework/src/Illuminate/Foundation/resources/server.php(23): require_once('/Applications/K...')
#66 {main}
"} 
[2026-09-02 17:11:28] local.ERROR: Pusher error: Internal server error.. {"userId":1,"exception":"[object] (Illuminate\\Broadcasting\\BroadcastException(code: 0): Pusher error: Internal server error.. at /Applications/KSK/IS/ayeyarwady-grill/backend/vendor/laravel/framework/src/Illuminate/Broadcasting/Broadcasters/PusherBroadcaster.php:164)
[stacktrace]
#0 /Applications/KSK/IS/ayeyarwady-grill/backend/vendor/laravel/framework/src/Illuminate/Broadcasting/BroadcastEvent.php(93): Illuminate\\Broadcasting\\Broadcasters\\PusherBroadcaster->broadcast(Object(Illuminate\\Support\\Collection), 'booking.new', Array)
#1 /Applications/KSK/IS/ayeyarwady-grill/backend/vendor/laravel/framework/src/Illuminate/Container/BoundMethod.php(36): Illuminate\\Broadcasting\\BroadcastEvent->handle(Object(Illuminate\\Broadcasting\\BroadcastManager))
#2 /Applications/KSK/IS/ayeyarwady-grill/backend/vendor/laravel/framework/src/Illuminate/Container/Util.php(43): Illuminate\\Container\\BoundMethod::{closure:Illuminate\\Container\\BoundMethod::call():35}()
#3 /Applications/KSK/IS/ayeyarwady-grill/backend/vendor/laravel/framework/src/Illuminate/Container/BoundMethod.php(95): Illuminate\\Container\\Util::unwrapIfClosure(Object(Closure))
#4 /Applications/KSK/IS/ayeyarwady-grill/backend/vendor/laravel/framework/src/Illuminate/Container/BoundMethod.php(35): Illuminate\\Container\\BoundMethod::callBoundMethod(Object(Illuminate\\Foundation\\Application), Array, Object(Closure))
#5 /Applications/KSK/IS/ayeyarwady-grill/backend/vendor/laravel/framework/src/Illuminate/Container/Container.php(696): Illuminate\\Container\\BoundMethod::call(Object(Illuminate\\Foundation\\Application), Array, Array, NULL)
#6 /Applications/KSK/IS/ayeyarwady-grill/backend/vendor/laravel/framework/src/Illuminate/Bus/Dispatcher.php(126): Illuminate\\Container\\Container->call(Array)
#7 /Applications/KSK/IS/ayeyarwady-grill/backend/vendor/laravel/framework/src/Illuminate/Pipeline/Pipeline.php(170): Illuminate\\Bus\\Dispatcher->{closure:Illuminate\\Bus\\Dispatcher::dispatchNow():123}(Object(Illuminate\\Broadcasting\\BroadcastEvent))
#8 /Applications/KSK/IS/ayeyarwady-grill/backend/vendor/laravel/framework/src/Illuminate/Pipeline/Pipeline.php(127): Illuminate\\Pipeline\\Pipeline->{closure:Illuminate\\Pipeline\\Pipeline::prepareDestination():168}(Object(Illuminate\\Broadcasting\\BroadcastEvent))
#9 /Applications/KSK/IS/ayeyarwady-grill/backend/vendor/laravel/framework/src/Illuminate/Bus/Dispatcher.php(130): Illuminate\\Pipeline\\Pipeline->then(Object(Closure))
#10 /Applications/KSK/IS/ayeyarwady-grill/backend/vendor/laravel/framework/src/Illuminate/Queue/CallQueuedHandler.php(126): Illuminate\\Bus\\Dispatcher->dispatchNow(Object(Illuminate\\Broadcasting\\BroadcastEvent), false)
#11 /Applications/KSK/IS/ayeyarwady-grill/backend/vendor/laravel/framework/src/Illuminate/Pipeline/Pipeline.php(170): Illuminate\\Queue\\CallQueuedHandler->{closure:Illuminate\\Queue\\CallQueuedHandler::dispatchThroughMiddleware():121}(Object(Illuminate\\Broadcasting\\BroadcastEvent))
#12 /Applications/KSK/IS/ayeyarwady-grill/backend/vendor/laravel/framework/src/Illuminate/Pipeline/Pipeline.php(127): Illuminate\\Pipeline\\Pipeline->{closure:Illuminate\\Pipeline\\Pipeline::prepareDestination():168}(Object(Illuminate\\Broadcasting\\BroadcastEvent))
#13 /Applications/KSK/IS/ayeyarwady-grill/backend/vendor/laravel/framework/src/Illuminate/Queue/CallQueuedHandler.php(121): Illuminate\\Pipeline\\Pipeline->then(Object(Closure))
#14 /Applications/KSK/IS/ayeyarwady-grill/backend/vendor/laravel/framework/src/Illuminate/Queue/CallQueuedHandler.php(69): Illuminate\\Queue\\CallQueuedHandler->dispatchThroughMiddleware(Object(Illuminate\\Queue\\Jobs\\SyncJob), Object(Illuminate\\Broadcasting\\BroadcastEvent))
#15 /Applications/KSK/IS/ayeyarwady-grill/backend/vendor/laravel/framework/src/Illuminate/Queue/Jobs/Job.php(102): Illuminate\\Queue\\CallQueuedHandler->call(Object(Illuminate\\Queue\\Jobs\\SyncJob), Array)
#16 /Applications/KSK/IS/ayeyarwady-grill/backend/vendor/laravel/framework/src/Illuminate/Queue/SyncQueue.php(76): Illuminate\\Queue\\Jobs\\Job->fire()
#17 /Applications/KSK/IS/ayeyarwady-grill/backend/vendor/laravel/framework/src/Illuminate/Queue/SyncQueue.php(56): Illuminate\\Queue\\SyncQueue->executeJob(Object(Illuminate\\Broadcasting\\BroadcastEvent), '', NULL)
#18 /Applications/KSK/IS/ayeyarwady-grill/backend/vendor/laravel/framework/src/Illuminate/Queue/Queue.php(59): Illuminate\\Queue\\SyncQueue->push(Object(Illuminate\\Broadcasting\\BroadcastEvent), '', NULL)
#19 /Applications/KSK/IS/ayeyarwady-grill/backend/vendor/laravel/framework/src/Illuminate/Broadcasting/BroadcastManager.php(207): Illuminate\\Queue\\Queue->pushOn(NULL, Object(Illuminate\\Broadcasting\\BroadcastEvent))
#20 /Applications/KSK/IS/ayeyarwady-grill/backend/vendor/laravel/framework/src/Illuminate/Events/Dispatcher.php(358): Illuminate\\Broadcasting\\BroadcastManager->queue(Object(App\\Events\\BookingCreated))
#21 /Applications/KSK/IS/ayeyarwady-grill/backend/vendor/laravel/framework/src/Illuminate/Events/Dispatcher.php(281): Illuminate\\Events\\Dispatcher->broadcastEvent(Object(App\\Events\\BookingCreated))
#22 /Applications/KSK/IS/ayeyarwady-grill/backend/vendor/laravel/framework/src/Illuminate/Events/Dispatcher.php(267): Illuminate\\Events\\Dispatcher->invokeListeners('App\\\\Events\\\\Book...', Array, false)
#23 /Applications/KSK/IS/ayeyarwady-grill/backend/vendor/laravel/framework/src/Illuminate/Broadcasting/PendingBroadcast.php(72): Illuminate\\Events\\Dispatcher->dispatch('App\\\\Events\\\\Book...')
#24 /Applications/KSK/IS/ayeyarwady-grill/backend/vendor/laravel/framework/src/Illuminate/Foundation/helpers.php(223): Illuminate\\Broadcasting\\PendingBroadcast->__destruct()
#25 /Applications/KSK/IS/ayeyarwady-grill/backend/app/Http/Controllers/Api/BookingController.php(95): broadcast(Object(App\\Events\\BookingCreated))
#26 /Applications/KSK/IS/ayeyarwady-grill/backend/vendor/laravel/framework/src/Illuminate/Routing/ControllerDispatcher.php(47): App\\Http\\Controllers\\Api\\BookingController->store(Object(Illuminate\\Http\\Request))
#27 /Applications/KSK/IS/ayeyarwady-grill/backend/vendor/laravel/framework/src/Illuminate/Routing/Route.php(266): Illuminate\\Routing\\ControllerDispatcher->dispatch(Object(Illuminate\\Routing\\Route), Object(App\\Http\\Controllers\\Api\\BookingController), 'store')
#28 /Applications/KSK/IS/ayeyarwady-grill/backend/vendor/laravel/framework/src/Illuminate/Routing/Route.php(212): Illuminate\\Routing\\Route->runController()
#29 /Applications/KSK/IS/ayeyarwady-grill/backend/vendor/laravel/framework/src/Illuminate/Routing/Router.php(808): Illuminate\\Routing\\Route->run()
#30 /Applications/KSK/IS/ayeyarwady-grill/backend/vendor/laravel/framework/src/Illuminate/Pipeline/Pipeline.php(170): Illuminate\\Routing\\Router->{closure:Illuminate\\Routing\\Router::runRouteWithinStack():807}(Object(Illuminate\\Http\\Request))
#31 /Applications/KSK/IS/ayeyarwady-grill/backend/app/Http/Middleware/RoleMiddleware.php(39): Illuminate\\Pipeline\\Pipeline->{closure:Illuminate\\Pipeline\\Pipeline::prepareDestination():168}(Object(Illuminate\\Http\\Request))
#32 /Applications/KSK/IS/ayeyarwady-grill/backend/vendor/laravel/framework/src/Illuminate/Pipeline/Pipeline.php(209): App\\Http\\Middleware\\RoleMiddleware->handle(Object(Illuminate\\Http\\Request), Object(Closure), 'customer')
#33 /Applications/KSK/IS/ayeyarwady-grill/backend/vendor/laravel/framework/src/Illuminate/Routing/Middleware/SubstituteBindings.php(51): Illuminate\\Pipeline\\Pipeline->{closure:{closure:Illuminate\\Pipeline\\Pipeline::carry():184}:185}(Object(Illuminate\\Http\\Request))
#34 /Applications/KSK/IS/ayeyarwady-grill/backend/vendor/laravel/framework/src/Illuminate/Pipeline/Pipeline.php(209): Illuminate\\Routing\\Middleware\\SubstituteBindings->handle(Object(Illuminate\\Http\\Request), Object(Closure))
#35 /Applications/KSK/IS/ayeyarwady-grill/backend/vendor/laravel/framework/src/Illuminate/Auth/Middleware/Authenticate.php(64): Illuminate\\Pipeline\\Pipeline->{closure:{closure:Illuminate\\Pipeline\\Pipeline::carry():184}:185}(Object(Illuminate\\Http\\Request))
#36 /Applications/KSK/IS/ayeyarwady-grill/backend/vendor/laravel/framework/src/Illuminate/Pipeline/Pipeline.php(209): Illuminate\\Auth\\Middleware\\Authenticate->handle(Object(Illuminate\\Http\\Request), Object(Closure), 'sanctum')
#37 /Applications/KSK/IS/ayeyarwady-grill/backend/vendor/laravel/framework/src/Illuminate/Pipeline/Pipeline.php(127): Illuminate\\Pipeline\\Pipeline->{closure:{closure:Illuminate\\Pipeline\\Pipeline::carry():184}:185}(Object(Illuminate\\Http\\Request))
#38 /Applications/KSK/IS/ayeyarwady-grill/backend/vendor/laravel/framework/src/Illuminate/Routing/Router.php(807): Illuminate\\Pipeline\\Pipeline->then(Object(Closure))
#39 /Applications/KSK/IS/ayeyarwady-grill/backend/vendor/laravel/framework/src/Illuminate/Routing/Router.php(786): Illuminate\\Routing\\Router->runRouteWithinStack(Object(Illuminate\\Routing\\Route), Object(Illuminate\\Http\\Request))
#40 /Applications/KSK/IS/ayeyarwady-grill/backend/vendor/laravel/framework/src/Illuminate/Routing/Router.php(750): Illuminate\\Routing\\Router->runRoute(Object(Illuminate\\Http\\Request), Object(Illuminate\\Routing\\Route))
#41 /Applications/KSK/IS/ayeyarwady-grill/backend/vendor/laravel/framework/src/Illuminate/Routing/Router.php(739): Illuminate\\Routing\\Router->dispatchToRoute(Object(Illuminate\\Http\\Request))
#42 /Applications/KSK/IS/ayeyarwady-grill/backend/vendor/laravel/framework/src/Illuminate/Foundation/Http/Kernel.php(201): Illuminate\\Routing\\Router->dispatch(Object(Illuminate\\Http\\Request))
#43 /Applications/KSK/IS/ayeyarwady-grill/backend/vendor/laravel/framework/src/Illuminate/Pipeline/Pipeline.php(170): Illuminate\\Foundation\\Http\\Kernel->{closure:Illuminate\\Foundation\\Http\\Kernel::dispatchToRouter():198}(Object(Illuminate\\Http\\Request))
#44 /Applications/KSK/IS/ayeyarwady-grill/backend/vendor/laravel/framework/src/Illuminate/Foundation/Http/Middleware/TransformsRequest.php(21): Illuminate\\Pipeline\\Pipeline->{closure:Illuminate\\Pipeline\\Pipeline::prepareDestination():168}(Object(Illuminate\\Http\\Request))
#45 /Applications/KSK/IS/ayeyarwady-grill/backend/vendor/laravel/framework/src/Illuminate/Foundation/Http/Middleware/ConvertEmptyStringsToNull.php(31): Illuminate\\Foundation\\Http\\Middleware\\TransformsRequest->handle(Object(Illuminate\\Http\\Request), Object(Closure))
#46 /Applications/KSK/IS/ayeyarwady-grill/backend/vendor/laravel/framework/src/Illuminate/Pipeline/Pipeline.php(209): Illuminate\\Foundation\\Http\\Middleware\\ConvertEmptyStringsToNull->handle(Object(Illuminate\\Http\\Request), Object(Closure))
#47 /Applications/KSK/IS/ayeyarwady-grill/backend/vendor/laravel/framework/src/Illuminate/Foundation/Http/Middleware/TransformsRequest.php(21): Illuminate\\Pipeline\\Pipeline->{closure:{closure:Illuminate\\Pipeline\\Pipeline::carry():184}:185}(Object(Illuminate\\Http\\Request))
#48 /Applications/KSK/IS/ayeyarwady-grill/backend/vendor/laravel/framework/src/Illuminate/Foundation/Http/Middleware/TrimStrings.php(51): Illuminate\\Foundation\\Http\\Middleware\\TransformsRequest->handle(Object(Illuminate\\Http\\Request), Object(Closure))
#49 /Applications/KSK/IS/ayeyarwady-grill/backend/vendor/laravel/framework/src/Illuminate/Pipeline/Pipeline.php(209): Illuminate\\Foundation\\Http\\Middleware\\TrimStrings->handle(Object(Illuminate\\Http\\Request), Object(Closure))
#50 /Applications/KSK/IS/ayeyarwady-grill/backend/vendor/laravel/framework/src/Illuminate/Http/Middleware/ValidatePostSize.php(27): Illuminate\\Pipeline\\Pipeline->{closure:{closure:Illuminate\\Pipeline\\Pipeline::carry():184}:185}(Object(Illuminate\\Http\\Request))
#51 /Applications/KSK/IS/ayeyarwady-grill/backend/vendor/laravel/framework/src/Illuminate/Pipeline/Pipeline.php(209): Illuminate\\Http\\Middleware\\ValidatePostSize->handle(Object(Illuminate\\Http\\Request), Object(Closure))
#52 /Applications/KSK/IS/ayeyarwady-grill/backend/vendor/laravel/framework/src/Illuminate/Foundation/Http/Middleware/PreventRequestsDuringMaintenance.php(110): Illuminate\\Pipeline\\Pipeline->{closure:{closure:Illuminate\\Pipeline\\Pipeline::carry():184}:185}(Object(Illuminate\\Http\\Request))
#53 /Applications/KSK/IS/ayeyarwady-grill/backend/vendor/laravel/framework/src/Illuminate/Pipeline/Pipeline.php(209): Illuminate\\Foundation\\Http\\Middleware\\PreventRequestsDuringMaintenance->handle(Object(Illuminate\\Http\\Request), Object(Closure))
#54 /Applications/KSK/IS/ayeyarwady-grill/backend/vendor/laravel/framework/src/Illuminate/Http/Middleware/HandleCors.php(62): Illuminate\\Pipeline\\Pipeline->{closure:{closure:Illuminate\\Pipeline\\Pipeline::carry():184}:185}(Object(Illuminate\\Http\\Request))
#55 /Applications/KSK/IS/ayeyarwady-grill/backend/vendor/laravel/framework/src/Illuminate/Pipeline/Pipeline.php(209): Illuminate\\Http\\Middleware\\HandleCors->handle(Object(Illuminate\\Http\\Request), Object(Closure))
#56 /Applications/KSK/IS/ayeyarwady-grill/backend/vendor/laravel/framework/src/Illuminate/Http/Middleware/TrustProxies.php(58): Illuminate\\Pipeline\\Pipeline->{closure:{closure:Illuminate\\Pipeline\\Pipeline::carry():184}:185}(Object(Illuminate\\Http\\Request))
#57 /Applications/KSK/IS/ayeyarwady-grill/backend/vendor/laravel/framework/src/Illuminate/Pipeline/Pipeline.php(209): Illuminate\\Http\\Middleware\\TrustProxies->handle(Object(Illuminate\\Http\\Request), Object(Closure))
#58 /Applications/KSK/IS/ayeyarwady-grill/backend/vendor/laravel/framework/src/Illuminate/Foundation/Http/Middleware/InvokeDeferredCallbacks.php(22): Illuminate\\Pipeline\\Pipeline->{closure:{closure:Illuminate\\Pipeline\\Pipeline::carry():184}:185}(Object(Illuminate\\Http\\Request))
#59 /Applications/KSK/IS/ayeyarwady-grill/backend/vendor/laravel/framework/src/Illuminate/Pipeline/Pipeline.php(209): Illuminate\\Foundation\\Http\\Middleware\\InvokeDeferredCallbacks->handle(Object(Illuminate\\Http\\Request), Object(Closure))
#60 /Applications/KSK/IS/ayeyarwady-grill/backend/vendor/laravel/framework/src/Illuminate/Pipeline/Pipeline.php(127): Illuminate\\Pipeline\\Pipeline->{closure:{closure:Illuminate\\Pipeline\\Pipeline::carry():184}:185}(Object(Illuminate\\Http\\Request))
#61 /Applications/KSK/IS/ayeyarwady-grill/backend/vendor/laravel/framework/src/Illuminate/Foundation/Http/Kernel.php(176): Illuminate\\Pipeline\\Pipeline->then(Object(Closure))
#62 /Applications/KSK/IS/ayeyarwady-grill/backend/vendor/laravel/framework/src/Illuminate/Foundation/Http/Kernel.php(145): Illuminate\\Foundation\\Http\\Kernel->sendRequestThroughRouter(Object(Illuminate\\Http\\Request))
#63 /Applications/KSK/IS/ayeyarwady-grill/backend/vendor/laravel/framework/src/Illuminate/Foundation/Application.php(1220): Illuminate\\Foundation\\Http\\Kernel->handle(Object(Illuminate\\Http\\Request))
#64 /Applications/KSK/IS/ayeyarwady-grill/backend/public/index.php(21): Illuminate\\Foundation\\Application->handleRequest(Object(Illuminate\\Http\\Request))
#65 /Applications/KSK/IS/ayeyarwady-grill/backend/vendor/laravel/framework/src/Illuminate/Foundation/resources/server.php(23): require_once('/Applications/K...')
#66 {main}
"} 
[2026-09-02 17:12:00] local.ERROR: Pusher error: Internal server error.. {"userId":1,"exception":"[object] (Illuminate\\Broadcasting\\BroadcastException(code: 0): Pusher error: Internal server error.. at /Applications/KSK/IS/ayeyarwady-grill/backend/vendor/laravel/framework/src/Illuminate/Broadcasting/Broadcasters/PusherBroadcaster.php:164)
[stacktrace]
#0 /Applications/KSK/IS/ayeyarwady-grill/backend/vendor/laravel/framework/src/Illuminate/Broadcasting/BroadcastEvent.php(93): Illuminate\\Broadcasting\\Broadcasters\\PusherBroadcaster->broadcast(Object(Illuminate\\Support\\Collection), 'booking.new', Array)
#1 /Applications/KSK/IS/ayeyarwady-grill/backend/vendor/laravel/framework/src/Illuminate/Container/BoundMethod.php(36): Illuminate\\Broadcasting\\BroadcastEvent->handle(Object(Illuminate\\Broadcasting\\BroadcastManager))
#2 /Applications/KSK/IS/ayeyarwady-grill/backend/vendor/laravel/framework/src/Illuminate/Container/Util.php(43): Illuminate\\Container\\BoundMethod::{closure:Illuminate\\Container\\BoundMethod::call():35}()
#3 /Applications/KSK/IS/ayeyarwady-grill/backend/vendor/laravel/framework/src/Illuminate/Container/BoundMethod.php(95): Illuminate\\Container\\Util::unwrapIfClosure(Object(Closure))
#4 /Applications/KSK/IS/ayeyarwady-grill/backend/vendor/laravel/framework/src/Illuminate/Container/BoundMethod.php(35): Illuminate\\Container\\BoundMethod::callBoundMethod(Object(Illuminate\\Foundation\\Application), Array, Object(Closure))
#5 /Applications/KSK/IS/ayeyarwady-grill/backend/vendor/laravel/framework/src/Illuminate/Container/Container.php(696): Illuminate\\Container\\BoundMethod::call(Object(Illuminate\\Foundation\\Application), Array, Array, NULL)
#6 /Applications/KSK/IS/ayeyarwady-grill/backend/vendor/laravel/framework/src/Illuminate/Bus/Dispatcher.php(126): Illuminate\\Container\\Container->call(Array)
#7 /Applications/KSK/IS/ayeyarwady-grill/backend/vendor/laravel/framework/src/Illuminate/Pipeline/Pipeline.php(170): Illuminate\\Bus\\Dispatcher->{closure:Illuminate\\Bus\\Dispatcher::dispatchNow():123}(Object(Illuminate\\Broadcasting\\BroadcastEvent))
#8 /Applications/KSK/IS/ayeyarwady-grill/backend/vendor/laravel/framework/src/Illuminate/Pipeline/Pipeline.php(127): Illuminate\\Pipeline\\Pipeline->{closure:Illuminate\\Pipeline\\Pipeline::prepareDestination():168}(Object(Illuminate\\Broadcasting\\BroadcastEvent))
#9 /Applications/KSK/IS/ayeyarwady-grill/backend/vendor/laravel/framework/src/Illuminate/Bus/Dispatcher.php(130): Illuminate\\Pipeline\\Pipeline->then(Object(Closure))
#10 /Applications/KSK/IS/ayeyarwady-grill/backend/vendor/laravel/framework/src/Illuminate/Queue/CallQueuedHandler.php(126): Illuminate\\Bus\\Dispatcher->dispatchNow(Object(Illuminate\\Broadcasting\\BroadcastEvent), false)
#11 /Applications/KSK/IS/ayeyarwady-grill/backend/vendor/laravel/framework/src/Illuminate/Pipeline/Pipeline.php(170): Illuminate\\Queue\\CallQueuedHandler->{closure:Illuminate\\Queue\\CallQueuedHandler::dispatchThroughMiddleware():121}(Object(Illuminate\\Broadcasting\\BroadcastEvent))
#12 /Applications/KSK/IS/ayeyarwady-grill/backend/vendor/laravel/framework/src/Illuminate/Pipeline/Pipeline.php(127): Illuminate\\Pipeline\\Pipeline->{closure:Illuminate\\Pipeline\\Pipeline::prepareDestination():168}(Object(Illuminate\\Broadcasting\\BroadcastEvent))
#13 /Applications/KSK/IS/ayeyarwady-grill/backend/vendor/laravel/framework/src/Illuminate/Queue/CallQueuedHandler.php(121): Illuminate\\Pipeline\\Pipeline->then(Object(Closure))
#14 /Applications/KSK/IS/ayeyarwady-grill/backend/vendor/laravel/framework/src/Illuminate/Queue/CallQueuedHandler.php(69): Illuminate\\Queue\\CallQueuedHandler->dispatchThroughMiddleware(Object(Illuminate\\Queue\\Jobs\\SyncJob), Object(Illuminate\\Broadcasting\\BroadcastEvent))
#15 /Applications/KSK/IS/ayeyarwady-grill/backend/vendor/laravel/framework/src/Illuminate/Queue/Jobs/Job.php(102): Illuminate\\Queue\\CallQueuedHandler->call(Object(Illuminate\\Queue\\Jobs\\SyncJob), Array)
#16 /Applications/KSK/IS/ayeyarwady-grill/backend/vendor/laravel/framework/src/Illuminate/Queue/SyncQueue.php(76): Illuminate\\Queue\\Jobs\\Job->fire()
#17 /Applications/KSK/IS/ayeyarwady-grill/backend/vendor/laravel/framework/src/Illuminate/Queue/SyncQueue.php(56): Illuminate\\Queue\\SyncQueue->executeJob(Object(Illuminate\\Broadcasting\\BroadcastEvent), '', NULL)
#18 /Applications/KSK/IS/ayeyarwady-grill/backend/vendor/laravel/framework/src/Illuminate/Queue/Queue.php(59): Illuminate\\Queue\\SyncQueue->push(Object(Illuminate\\Broadcasting\\BroadcastEvent), '', NULL)
#19 /Applications/KSK/IS/ayeyarwady-grill/backend/vendor/laravel/framework/src/Illuminate/Broadcasting/BroadcastManager.php(207): Illuminate\\Queue\\Queue->pushOn(NULL, Object(Illuminate\\Broadcasting\\BroadcastEvent))
#20 /Applications/KSK/IS/ayeyarwady-grill/backend/vendor/laravel/framework/src/Illuminate/Events/Dispatcher.php(358): Illuminate\\Broadcasting\\BroadcastManager->queue(Object(App\\Events\\BookingCreated))
#21 /Applications/KSK/IS/ayeyarwady-grill/backend/vendor/laravel/framework/src/Illuminate/Events/Dispatcher.php(281): Illuminate\\Events\\Dispatcher->broadcastEvent(Object(App\\Events\\BookingCreated))
#22 /Applications/KSK/IS/ayeyarwady-grill/backend/vendor/laravel/framework/src/Illuminate/Events/Dispatcher.php(267): Illuminate\\Events\\Dispatcher->invokeListeners('App\\\\Events\\\\Book...', Array, false)
#23 /Applications/KSK/IS/ayeyarwady-grill/backend/vendor/laravel/framework/src/Illuminate/Broadcasting/PendingBroadcast.php(72): Illuminate\\Events\\Dispatcher->dispatch('App\\\\Events\\\\Book...')
#24 /Applications/KSK/IS/ayeyarwady-grill/backend/vendor/laravel/framework/src/Illuminate/Foundation/helpers.php(223): Illuminate\\Broadcasting\\PendingBroadcast->__destruct()
#25 /Applications/KSK/IS/ayeyarwady-grill/backend/app/Http/Controllers/Api/BookingController.php(95): broadcast(Object(App\\Events\\BookingCreated))
#26 /Applications/KSK/IS/ayeyarwady-grill/backend/vendor/laravel/framework/src/Illuminate/Routing/ControllerDispatcher.php(47): App\\Http\\Controllers\\Api\\BookingController->store(Object(Illuminate\\Http\\Request))
#27 /Applications/KSK/IS/ayeyarwady-grill/backend/vendor/laravel/framework/src/Illuminate/Routing/Route.php(266): Illuminate\\Routing\\ControllerDispatcher->dispatch(Object(Illuminate\\Routing\\Route), Object(App\\Http\\Controllers\\Api\\BookingController), 'store')
#28 /Applications/KSK/IS/ayeyarwady-grill/backend/vendor/laravel/framework/src/Illuminate/Routing/Route.php(212): Illuminate\\Routing\\Route->runController()
#29 /Applications/KSK/IS/ayeyarwady-grill/backend/vendor/laravel/framework/src/Illuminate/Routing/Router.php(808): Illuminate\\Routing\\Route->run()
#30 /Applications/KSK/IS/ayeyarwady-grill/backend/vendor/laravel/framework/src/Illuminate/Pipeline/Pipeline.php(170): Illuminate\\Routing\\Router->{closure:Illuminate\\Routing\\Router::runRouteWithinStack():807}(Object(Illuminate\\Http\\Request))
#31 /Applications/KSK/IS/ayeyarwady-grill/backend/app/Http/Middleware/RoleMiddleware.php(39): Illuminate\\Pipeline\\Pipeline->{closure:Illuminate\\Pipeline\\Pipeline::prepareDestination():168}(Object(Illuminate\\Http\\Request))
#32 /Applications/KSK/IS/ayeyarwady-grill/backend/vendor/laravel/framework/src/Illuminate/Pipeline/Pipeline.php(209): App\\Http\\Middleware\\RoleMiddleware->handle(Object(Illuminate\\Http\\Request), Object(Closure), 'customer')
#33 /Applications/KSK/IS/ayeyarwady-grill/backend/vendor/laravel/framework/src/Illuminate/Routing/Middleware/SubstituteBindings.php(51): Illuminate\\Pipeline\\Pipeline->{closure:{closure:Illuminate\\Pipeline\\Pipeline::carry():184}:185}(Object(Illuminate\\Http\\Request))
#34 /Applications/KSK/IS/ayeyarwady-grill/backend/vendor/laravel/framework/src/Illuminate/Pipeline/Pipeline.php(209): Illuminate\\Routing\\Middleware\\SubstituteBindings->handle(Object(Illuminate\\Http\\Request), Object(Closure))
#35 /Applications/KSK/IS/ayeyarwady-grill/backend/vendor/laravel/framework/src/Illuminate/Auth/Middleware/Authenticate.php(64): Illuminate\\Pipeline\\Pipeline->{closure:{closure:Illuminate\\Pipeline\\Pipeline::carry():184}:185}(Object(Illuminate\\Http\\Request))
#36 /Applications/KSK/IS/ayeyarwady-grill/backend/vendor/laravel/framework/src/Illuminate/Pipeline/Pipeline.php(209): Illuminate\\Auth\\Middleware\\Authenticate->handle(Object(Illuminate\\Http\\Request), Object(Closure), 'sanctum')
#37 /Applications/KSK/IS/ayeyarwady-grill/backend/vendor/laravel/framework/src/Illuminate/Pipeline/Pipeline.php(127): Illuminate\\Pipeline\\Pipeline->{closure:{closure:Illuminate\\Pipeline\\Pipeline::carry():184}:185}(Object(Illuminate\\Http\\Request))
#38 /Applications/KSK/IS/ayeyarwady-grill/backend/vendor/laravel/framework/src/Illuminate/Routing/Router.php(807): Illuminate\\Pipeline\\Pipeline->then(Object(Closure))
#39 /Applications/KSK/IS/ayeyarwady-grill/backend/vendor/laravel/framework/src/Illuminate/Routing/Router.php(786): Illuminate\\Routing\\Router->runRouteWithinStack(Object(Illuminate\\Routing\\Route), Object(Illuminate\\Http\\Request))
#40 /Applications/KSK/IS/ayeyarwady-grill/backend/vendor/laravel/framework/src/Illuminate/Routing/Router.php(750): Illuminate\\Routing\\Router->runRoute(Object(Illuminate\\Http\\Request), Object(Illuminate\\Routing\\Route))
#41 /Applications/KSK/IS/ayeyarwady-grill/backend/vendor/laravel/framework/src/Illuminate/Routing/Router.php(739): Illuminate\\Routing\\Router->dispatchToRoute(Object(Illuminate\\Http\\Request))
#42 /Applications/KSK/IS/ayeyarwady-grill/backend/vendor/laravel/framework/src/Illuminate/Foundation/Http/Kernel.php(201): Illuminate\\Routing\\Router->dispatch(Object(Illuminate\\Http\\Request))
#43 /Applications/KSK/IS/ayeyarwady-grill/backend/vendor/laravel/framework/src/Illuminate/Pipeline/Pipeline.php(170): Illuminate\\Foundation\\Http\\Kernel->{closure:Illuminate\\Foundation\\Http\\Kernel::dispatchToRouter():198}(Object(Illuminate\\Http\\Request))
#44 /Applications/KSK/IS/ayeyarwady-grill/backend/vendor/laravel/framework/src/Illuminate/Foundation/Http/Middleware/TransformsRequest.php(21): Illuminate\\Pipeline\\Pipeline->{closure:Illuminate\\Pipeline\\Pipeline::prepareDestination():168}(Object(Illuminate\\Http\\Request))
#45 /Applications/KSK/IS/ayeyarwady-grill/backend/vendor/laravel/framework/src/Illuminate/Foundation/Http/Middleware/ConvertEmptyStringsToNull.php(31): Illuminate\\Foundation\\Http\\Middleware\\TransformsRequest->handle(Object(Illuminate\\Http\\Request), Object(Closure))
#46 /Applications/KSK/IS/ayeyarwady-grill/backend/vendor/laravel/framework/src/Illuminate/Pipeline/Pipeline.php(209): Illuminate\\Foundation\\Http\\Middleware\\ConvertEmptyStringsToNull->handle(Object(Illuminate\\Http\\Request), Object(Closure))
#47 /Applications/KSK/IS/ayeyarwady-grill/backend/vendor/laravel/framework/src/Illuminate/Foundation/Http/Middleware/TransformsRequest.php(21): Illuminate\\Pipeline\\Pipeline->{closure:{closure:Illuminate\\Pipeline\\Pipeline::carry():184}:185}(Object(Illuminate\\Http\\Request))
#48 /Applications/KSK/IS/ayeyarwady-grill/backend/vendor/laravel/framework/src/Illuminate/Foundation/Http/Middleware/TrimStrings.php(51): Illuminate\\Foundation\\Http\\Middleware\\TransformsRequest->handle(Object(Illuminate\\Http\\Request), Object(Closure))
#49 /Applications/KSK/IS/ayeyarwady-grill/backend/vendor/laravel/framework/src/Illuminate/Pipeline/Pipeline.php(209): Illuminate\\Foundation\\Http\\Middleware\\TrimStrings->handle(Object(Illuminate\\Http\\Request), Object(Closure))
#50 /Applications/KSK/IS/ayeyarwady-grill/backend/vendor/laravel/framework/src/Illuminate/Http/Middleware/ValidatePostSize.php(27): Illuminate\\Pipeline\\Pipeline->{closure:{closure:Illuminate\\Pipeline\\Pipeline::carry():184}:185}(Object(Illuminate\\Http\\Request))
#51 /Applications/KSK/IS/ayeyarwady-grill/backend/vendor/laravel/framework/src/Illuminate/Pipeline/Pipeline.php(209): Illuminate\\Http\\Middleware\\ValidatePostSize->handle(Object(Illuminate\\Http\\Request), Object(Closure))
#52 /Applications/KSK/IS/ayeyarwady-grill/backend/vendor/laravel/framework/src/Illuminate/Foundation/Http/Middleware/PreventRequestsDuringMaintenance.php(110): Illuminate\\Pipeline\\Pipeline->{closure:{closure:Illuminate\\Pipeline\\Pipeline::carry():184}:185}(Object(Illuminate\\Http\\Request))
#53 /Applications/KSK/IS/ayeyarwady-grill/backend/vendor/laravel/framework/src/Illuminate/Pipeline/Pipeline.php(209): Illuminate\\Foundation\\Http\\Middleware\\PreventRequestsDuringMaintenance->handle(Object(Illuminate\\Http\\Request), Object(Closure))
#54 /Applications/KSK/IS/ayeyarwady-grill/backend/vendor/laravel/framework/src/Illuminate/Http/Middleware/HandleCors.php(62): Illuminate\\Pipeline\\Pipeline->{closure:{closure:Illuminate\\Pipeline\\Pipeline::carry():184}:185}(Object(Illuminate\\Http\\Request))
#55 /Applications/KSK/IS/ayeyarwady-grill/backend/vendor/laravel/framework/src/Illuminate/Pipeline/Pipeline.php(209): Illuminate\\Http\\Middleware\\HandleCors->handle(Object(Illuminate\\Http\\Request), Object(Closure))
#56 /Applications/KSK/IS/ayeyarwady-grill/backend/vendor/laravel/framework/src/Illuminate/Http/Middleware/TrustProxies.php(58): Illuminate\\Pipeline\\Pipeline->{closure:{closure:Illuminate\\Pipeline\\Pipeline::carry():184}:185}(Object(Illuminate\\Http\\Request))
#57 /Applications/KSK/IS/ayeyarwady-grill/backend/vendor/laravel/framework/src/Illuminate/Pipeline/Pipeline.php(209): Illuminate\\Http\\Middleware\\TrustProxies->handle(Object(Illuminate\\Http\\Request), Object(Closure))
#58 /Applications/KSK/IS/ayeyarwady-grill/backend/vendor/laravel/framework/src/Illuminate/Foundation/Http/Middleware/InvokeDeferredCallbacks.php(22): Illuminate\\Pipeline\\Pipeline->{closure:{closure:Illuminate\\Pipeline\\Pipeline::carry():184}:185}(Object(Illuminate\\Http\\Request))
#59 /Applications/KSK/IS/ayeyarwady-grill/backend/vendor/laravel/framework/src/Illuminate/Pipeline/Pipeline.php(209): Illuminate\\Foundation\\Http\\Middleware\\InvokeDeferredCallbacks->handle(Object(Illuminate\\Http\\Request), Object(Closure))
#60 /Applications/KSK/IS/ayeyarwady-grill/backend/vendor/laravel/framework/src/Illuminate/Pipeline/Pipeline.php(127): Illuminate\\Pipeline\\Pipeline->{closure:{closure:Illuminate\\Pipeline\\Pipeline::carry():184}:185}(Object(Illuminate\\Http\\Request))
#61 /Applications/KSK/IS/ayeyarwady-grill/backend/vendor/laravel/framework/src/Illuminate/Foundation/Http/Kernel.php(176): Illuminate\\Pipeline\\Pipeline->then(Object(Closure))
#62 /Applications/KSK/IS/ayeyarwady-grill/backend/vendor/laravel/framework/src/Illuminate/Foundation/Http/Kernel.php(145): Illuminate\\Foundation\\Http\\Kernel->sendRequestThroughRouter(Object(Illuminate\\Http\\Request))
#63 /Applications/KSK/IS/ayeyarwady-grill/backend/vendor/laravel/framework/src/Illuminate/Foundation/Application.php(1220): Illuminate\\Foundation\\Http\\Kernel->handle(Object(Illuminate\\Http\\Request))
#64 /Applications/KSK/IS/ayeyarwady-grill/backend/public/index.php(21): Illuminate\\Foundation\\Application->handleRequest(Object(Illuminate\\Http\\Request))
#65 /Applications/KSK/IS/ayeyarwady-grill/backend/vendor/laravel/framework/src/Illuminate/Foundation/resources/server.php(23): require_once('/Applications/K...')
#66 {main}
"} 
[2026-09-02 17:12:54] local.ERROR: Pusher error: Internal server error.. {"userId":1,"exception":"[object] (Illuminate\\Broadcasting\\BroadcastException(code: 0): Pusher error: Internal server error.. at /Applications/KSK/IS/ayeyarwady-grill/backend/vendor/laravel/framework/src/Illuminate/Broadcasting/Broadcasters/PusherBroadcaster.php:164)
[stacktrace]
#0 /Applications/KSK/IS/ayeyarwady-grill/backend/vendor/laravel/framework/src/Illuminate/Broadcasting/BroadcastEvent.php(93): Illuminate\\Broadcasting\\Broadcasters\\PusherBroadcaster->broadcast(Object(Illuminate\\Support\\Collection), 'booking.new', Array)
#1 /Applications/KSK/IS/ayeyarwady-grill/backend/vendor/laravel/framework/src/Illuminate/Container/BoundMethod.php(36): Illuminate\\Broadcasting\\BroadcastEvent->handle(Object(Illuminate\\Broadcasting\\BroadcastManager))
#2 /Applications/KSK/IS/ayeyarwady-grill/backend/vendor/laravel/framework/src/Illuminate/Container/Util.php(43): Illuminate\\Container\\BoundMethod::{closure:Illuminate\\Container\\BoundMethod::call():35}()
#3 /Applications/KSK/IS/ayeyarwady-grill/backend/vendor/laravel/framework/src/Illuminate/Container/BoundMethod.php(95): Illuminate\\Container\\Util::unwrapIfClosure(Object(Closure))
#4 /Applications/KSK/IS/ayeyarwady-grill/backend/vendor/laravel/framework/src/Illuminate/Container/BoundMethod.php(35): Illuminate\\Container\\BoundMethod::callBoundMethod(Object(Illuminate\\Foundation\\Application), Array, Object(Closure))
#5 /Applications/KSK/IS/ayeyarwady-grill/backend/vendor/laravel/framework/src/Illuminate/Container/Container.php(696): Illuminate\\Container\\BoundMethod::call(Object(Illuminate\\Foundation\\Application), Array, Array, NULL)
#6 /Applications/KSK/IS/ayeyarwady-grill/backend/vendor/laravel/framework/src/Illuminate/Bus/Dispatcher.php(126): Illuminate\\Container\\Container->call(Array)
#7 /Applications/KSK/IS/ayeyarwady-grill/backend/vendor/laravel/framework/src/Illuminate/Pipeline/Pipeline.php(170): Illuminate\\Bus\\Dispatcher->{closure:Illuminate\\Bus\\Dispatcher::dispatchNow():123}(Object(Illuminate\\Broadcasting\\BroadcastEvent))
#8 /Applications/KSK/IS/ayeyarwady-grill/backend/vendor/laravel/framework/src/Illuminate/Pipeline/Pipeline.php(127): Illuminate\\Pipeline\\Pipeline->{closure:Illuminate\\Pipeline\\Pipeline::prepareDestination():168}(Object(Illuminate\\Broadcasting\\BroadcastEvent))
#9 /Applications/KSK/IS/ayeyarwady-grill/backend/vendor/laravel/framework/src/Illuminate/Bus/Dispatcher.php(130): Illuminate\\Pipeline\\Pipeline->then(Object(Closure))
#10 /Applications/KSK/IS/ayeyarwady-grill/backend/vendor/laravel/framework/src/Illuminate/Queue/CallQueuedHandler.php(126): Illuminate\\Bus\\Dispatcher->dispatchNow(Object(Illuminate\\Broadcasting\\BroadcastEvent), false)
#11 /Applications/KSK/IS/ayeyarwady-grill/backend/vendor/laravel/framework/src/Illuminate/Pipeline/Pipeline.php(170): Illuminate\\Queue\\CallQueuedHandler->{closure:Illuminate\\Queue\\CallQueuedHandler::dispatchThroughMiddleware():121}(Object(Illuminate\\Broadcasting\\BroadcastEvent))
#12 /Applications/KSK/IS/ayeyarwady-grill/backend/vendor/laravel/framework/src/Illuminate/Pipeline/Pipeline.php(127): Illuminate\\Pipeline\\Pipeline->{closure:Illuminate\\Pipeline\\Pipeline::prepareDestination():168}(Object(Illuminate\\Broadcasting\\BroadcastEvent))
#13 /Applications/KSK/IS/ayeyarwady-grill/backend/vendor/laravel/framework/src/Illuminate/Queue/CallQueuedHandler.php(121): Illuminate\\Pipeline\\Pipeline->then(Object(Closure))
#14 /Applications/KSK/IS/ayeyarwady-grill/backend/vendor/laravel/framework/src/Illuminate/Queue/CallQueuedHandler.php(69): Illuminate\\Queue\\CallQueuedHandler->dispatchThroughMiddleware(Object(Illuminate\\Queue\\Jobs\\SyncJob), Object(Illuminate\\Broadcasting\\BroadcastEvent))
#15 /Applications/KSK/IS/ayeyarwady-grill/backend/vendor/laravel/framework/src/Illuminate/Queue/Jobs/Job.php(102): Illuminate\\Queue\\CallQueuedHandler->call(Object(Illuminate\\Queue\\Jobs\\SyncJob), Array)
#16 /Applications/KSK/IS/ayeyarwady-grill/backend/vendor/laravel/framework/src/Illuminate/Queue/SyncQueue.php(76): Illuminate\\Queue\\Jobs\\Job->fire()
#17 /Applications/KSK/IS/ayeyarwady-grill/backend/vendor/laravel/framework/src/Illuminate/Queue/SyncQueue.php(56): Illuminate\\Queue\\SyncQueue->executeJob(Object(Illuminate\\Broadcasting\\BroadcastEvent), '', NULL)
#18 /Applications/KSK/IS/ayeyarwady-grill/backend/vendor/laravel/framework/src/Illuminate/Queue/Queue.php(59): Illuminate\\Queue\\SyncQueue->push(Object(Illuminate\\Broadcasting\\BroadcastEvent), '', NULL)
#19 /Applications/KSK/IS/ayeyarwady-grill/backend/vendor/laravel/framework/src/Illuminate/Broadcasting/BroadcastManager.php(207): Illuminate\\Queue\\Queue->pushOn(NULL, Object(Illuminate\\Broadcasting\\BroadcastEvent))
#20 /Applications/KSK/IS/ayeyarwady-grill/backend/vendor/laravel/framework/src/Illuminate/Events/Dispatcher.php(358): Illuminate\\Broadcasting\\BroadcastManager->queue(Object(App\\Events\\BookingCreated))
#21 /Applications/KSK/IS/ayeyarwady-grill/backend/vendor/laravel/framework/src/Illuminate/Events/Dispatcher.php(281): Illuminate\\Events\\Dispatcher->broadcastEvent(Object(App\\Events\\BookingCreated))
#22 /Applications/KSK/IS/ayeyarwady-grill/backend/vendor/laravel/framework/src/Illuminate/Events/Dispatcher.php(267): Illuminate\\Events\\Dispatcher->invokeListeners('App\\\\Events\\\\Book...', Array, false)
#23 /Applications/KSK/IS/ayeyarwady-grill/backend/vendor/laravel/framework/src/Illuminate/Broadcasting/PendingBroadcast.php(72): Illuminate\\Events\\Dispatcher->dispatch('App\\\\Events\\\\Book...')
#24 /Applications/KSK/IS/ayeyarwady-grill/backend/vendor/laravel/framework/src/Illuminate/Foundation/helpers.php(223): Illuminate\\Broadcasting\\PendingBroadcast->__destruct()
#25 /Applications/KSK/IS/ayeyarwady-grill/backend/app/Http/Controllers/Api/BookingController.php(95): broadcast(Object(App\\Events\\BookingCreated))
#26 /Applications/KSK/IS/ayeyarwady-grill/backend/vendor/laravel/framework/src/Illuminate/Routing/ControllerDispatcher.php(47): App\\Http\\Controllers\\Api\\BookingController->store(Object(Illuminate\\Http\\Request))
#27 /Applications/KSK/IS/ayeyarwady-grill/backend/vendor/laravel/framework/src/Illuminate/Routing/Route.php(266): Illuminate\\Routing\\ControllerDispatcher->dispatch(Object(Illuminate\\Routing\\Route), Object(App\\Http\\Controllers\\Api\\BookingController), 'store')
#28 /Applications/KSK/IS/ayeyarwady-grill/backend/vendor/laravel/framework/src/Illuminate/Routing/Route.php(212): Illuminate\\Routing\\Route->runController()
#29 /Applications/KSK/IS/ayeyarwady-grill/backend/vendor/laravel/framework/src/Illuminate/Routing/Router.php(808): Illuminate\\Routing\\Route->run()
#30 /Applications/KSK/IS/ayeyarwady-grill/backend/vendor/laravel/framework/src/Illuminate/Pipeline/Pipeline.php(170): Illuminate\\Routing\\Router->{closure:Illuminate\\Routing\\Router::runRouteWithinStack():807}(Object(Illuminate\\Http\\Request))
#31 /Applications/KSK/IS/ayeyarwady-grill/backend/app/Http/Middleware/RoleMiddleware.php(39): Illuminate\\Pipeline\\Pipeline->{closure:Illuminate\\Pipeline\\Pipeline::prepareDestination():168}(Object(Illuminate\\Http\\Request))
#32 /Applications/KSK/IS/ayeyarwady-grill/backend/vendor/laravel/framework/src/Illuminate/Pipeline/Pipeline.php(209): App\\Http\\Middleware\\RoleMiddleware->handle(Object(Illuminate\\Http\\Request), Object(Closure), 'customer')
#33 /Applications/KSK/IS/ayeyarwady-grill/backend/vendor/laravel/framework/src/Illuminate/Routing/Middleware/SubstituteBindings.php(51): Illuminate\\Pipeline\\Pipeline->{closure:{closure:Illuminate\\Pipeline\\Pipeline::carry():184}:185}(Object(Illuminate\\Http\\Request))
#34 /Applications/KSK/IS/ayeyarwady-grill/backend/vendor/laravel/framework/src/Illuminate/Pipeline/Pipeline.php(209): Illuminate\\Routing\\Middleware\\SubstituteBindings->handle(Object(Illuminate\\Http\\Request), Object(Closure))
#35 /Applications/KSK/IS/ayeyarwady-grill/backend/vendor/laravel/framework/src/Illuminate/Auth/Middleware/Authenticate.php(64): Illuminate\\Pipeline\\Pipeline->{closure:{closure:Illuminate\\Pipeline\\Pipeline::carry():184}:185}(Object(Illuminate\\Http\\Request))
#36 /Applications/KSK/IS/ayeyarwady-grill/backend/vendor/laravel/framework/src/Illuminate/Pipeline/Pipeline.php(209): Illuminate\\Auth\\Middleware\\Authenticate->handle(Object(Illuminate\\Http\\Request), Object(Closure), 'sanctum')
#37 /Applications/KSK/IS/ayeyarwady-grill/backend/vendor/laravel/framework/src/Illuminate/Pipeline/Pipeline.php(127): Illuminate\\Pipeline\\Pipeline->{closure:{closure:Illuminate\\Pipeline\\Pipeline::carry():184}:185}(Object(Illuminate\\Http\\Request))
#38 /Applications/KSK/IS/ayeyarwady-grill/backend/vendor/laravel/framework/src/Illuminate/Routing/Router.php(807): Illuminate\\Pipeline\\Pipeline->then(Object(Closure))
#39 /Applications/KSK/IS/ayeyarwady-grill/backend/vendor/laravel/framework/src/Illuminate/Routing/Router.php(786): Illuminate\\Routing\\Router->runRouteWithinStack(Object(Illuminate\\Routing\\Route), Object(Illuminate\\Http\\Request))
#40 /Applications/KSK/IS/ayeyarwady-grill/backend/vendor/laravel/framework/src/Illuminate/Routing/Router.php(750): Illuminate\\Routing\\Router->runRoute(Object(Illuminate\\Http\\Request), Object(Illuminate\\Routing\\Route))
#41 /Applications/KSK/IS/ayeyarwady-grill/backend/vendor/laravel/framework/src/Illuminate/Routing/Router.php(739): Illuminate\\Routing\\Router->dispatchToRoute(Object(Illuminate\\Http\\Request))
#42 /Applications/KSK/IS/ayeyarwady-grill/backend/vendor/laravel/framework/src/Illuminate/Foundation/Http/Kernel.php(201): Illuminate\\Routing\\Router->dispatch(Object(Illuminate\\Http\\Request))
#43 /Applications/KSK/IS/ayeyarwady-grill/backend/vendor/laravel/framework/src/Illuminate/Pipeline/Pipeline.php(170): Illuminate\\Foundation\\Http\\Kernel->{closure:Illuminate\\Foundation\\Http\\Kernel::dispatchToRouter():198}(Object(Illuminate\\Http\\Request))
#44 /Applications/KSK/IS/ayeyarwady-grill/backend/vendor/laravel/framework/src/Illuminate/Foundation/Http/Middleware/TransformsRequest.php(21): Illuminate\\Pipeline\\Pipeline->{closure:Illuminate\\Pipeline\\Pipeline::prepareDestination():168}(Object(Illuminate\\Http\\Request))
#45 /Applications/KSK/IS/ayeyarwady-grill/backend/vendor/laravel/framework/src/Illuminate/Foundation/Http/Middleware/ConvertEmptyStringsToNull.php(31): Illuminate\\Foundation\\Http\\Middleware\\TransformsRequest->handle(Object(Illuminate\\Http\\Request), Object(Closure))
#46 /Applications/KSK/IS/ayeyarwady-grill/backend/vendor/laravel/framework/src/Illuminate/Pipeline/Pipeline.php(209): Illuminate\\Foundation\\Http\\Middleware\\ConvertEmptyStringsToNull->handle(Object(Illuminate\\Http\\Request), Object(Closure))
#47 /Applications/KSK/IS/ayeyarwady-grill/backend/vendor/laravel/framework/src/Illuminate/Foundation/Http/Middleware/TransformsRequest.php(21): Illuminate\\Pipeline\\Pipeline->{closure:{closure:Illuminate\\Pipeline\\Pipeline::carry():184}:185}(Object(Illuminate\\Http\\Request))
#48 /Applications/KSK/IS/ayeyarwady-grill/backend/vendor/laravel/framework/src/Illuminate/Foundation/Http/Middleware/TrimStrings.php(51): Illuminate\\Foundation\\Http\\Middleware\\TransformsRequest->handle(Object(Illuminate\\Http\\Request), Object(Closure))
#49 /Applications/KSK/IS/ayeyarwady-grill/backend/vendor/laravel/framework/src/Illuminate/Pipeline/Pipeline.php(209): Illuminate\\Foundation\\Http\\Middleware\\TrimStrings->handle(Object(Illuminate\\Http\\Request), Object(Closure))
#50 /Applications/KSK/IS/ayeyarwady-grill/backend/vendor/laravel/framework/src/Illuminate/Http/Middleware/ValidatePostSize.php(27): Illuminate\\Pipeline\\Pipeline->{closure:{closure:Illuminate\\Pipeline\\Pipeline::carry():184}:185}(Object(Illuminate\\Http\\Request))
#51 /Applications/KSK/IS/ayeyarwady-grill/backend/vendor/laravel/framework/src/Illuminate/Pipeline/Pipeline.php(209): Illuminate\\Http\\Middleware\\ValidatePostSize->handle(Object(Illuminate\\Http\\Request), Object(Closure))
#52 /Applications/KSK/IS/ayeyarwady-grill/backend/vendor/laravel/framework/src/Illuminate/Foundation/Http/Middleware/PreventRequestsDuringMaintenance.php(110): Illuminate\\Pipeline\\Pipeline->{closure:{closure:Illuminate\\Pipeline\\Pipeline::carry():184}:185}(Object(Illuminate\\Http\\Request))
#53 /Applications/KSK/IS/ayeyarwady-grill/backend/vendor/laravel/framework/src/Illuminate/Pipeline/Pipeline.php(209): Illuminate\\Foundation\\Http\\Middleware\\PreventRequestsDuringMaintenance->handle(Object(Illuminate\\Http\\Request), Object(Closure))
#54 /Applications/KSK/IS/ayeyarwady-grill/backend/vendor/laravel/framework/src/Illuminate/Http/Middleware/HandleCors.php(62): Illuminate\\Pipeline\\Pipeline->{closure:{closure:Illuminate\\Pipeline\\Pipeline::carry():184}:185}(Object(Illuminate\\Http\\Request))
#55 /Applications/KSK/IS/ayeyarwady-grill/backend/vendor/laravel/framework/src/Illuminate/Pipeline/Pipeline.php(209): Illuminate\\Http\\Middleware\\HandleCors->handle(Object(Illuminate\\Http\\Request), Object(Closure))
#56 /Applications/KSK/IS/ayeyarwady-grill/backend/vendor/laravel/framework/src/Illuminate/Http/Middleware/TrustProxies.php(58): Illuminate\\Pipeline\\Pipeline->{closure:{closure:Illuminate\\Pipeline\\Pipeline::carry():184}:185}(Object(Illuminate\\Http\\Request))
#57 /Applications/KSK/IS/ayeyarwady-grill/backend/vendor/laravel/framework/src/Illuminate/Pipeline/Pipeline.php(209): Illuminate\\Http\\Middleware\\TrustProxies->handle(Object(Illuminate\\Http\\Request), Object(Closure))
#58 /Applications/KSK/IS/ayeyarwady-grill/backend/vendor/laravel/framework/src/Illuminate/Foundation/Http/Middleware/InvokeDeferredCallbacks.php(22): Illuminate\\Pipeline\\Pipeline->{closure:{closure:Illuminate\\Pipeline\\Pipeline::carry():184}:185}(Object(Illuminate\\Http\\Request))
#59 /Applications/KSK/IS/ayeyarwady-grill/backend/vendor/laravel/framework/src/Illuminate/Pipeline/Pipeline.php(209): Illuminate\\Foundation\\Http\\Middleware\\InvokeDeferredCallbacks->handle(Object(Illuminate\\Http\\Request), Object(Closure))
#60 /Applications/KSK/IS/ayeyarwady-grill/backend/vendor/laravel/framework/src/Illuminate/Pipeline/Pipeline.php(127): Illuminate\\Pipeline\\Pipeline->{closure:{closure:Illuminate\\Pipeline\\Pipeline::carry():184}:185}(Object(Illuminate\\Http\\Request))
#61 /Applications/KSK/IS/ayeyarwady-grill/backend/vendor/laravel/framework/src/Illuminate/Foundation/Http/Kernel.php(176): Illuminate\\Pipeline\\Pipeline->then(Object(Closure))
#62 /Applications/KSK/IS/ayeyarwady-grill/backend/vendor/laravel/framework/src/Illuminate/Foundation/Http/Kernel.php(145): Illuminate\\Foundation\\Http\\Kernel->sendRequestThroughRouter(Object(Illuminate\\Http\\Request))
#63 /Applications/KSK/IS/ayeyarwady-grill/backend/vendor/laravel/framework/src/Illuminate/Foundation/Application.php(1220): Illuminate\\Foundation\\Http\\Kernel->handle(Object(Illuminate\\Http\\Request))
#64 /Applications/KSK/IS/ayeyarwady-grill/backend/public/index.php(21): Illuminate\\Foundation\\Application->handleRequest(Object(Illuminate\\Http\\Request))
#65 /Applications/KSK/IS/ayeyarwady-grill/backend/vendor/laravel/framework/src/Illuminate/Foundation/resources/server.php(23): require_once('/Applications/K...')
#66 {main}
"} 
[2026-09-02 17:13:15] local.ERROR: Pusher error: Internal server error.. {"userId":1,"exception":"[object] (Illuminate\\Broadcasting\\BroadcastException(code: 0): Pusher error: Internal server error.. at /Applications/KSK/IS/ayeyarwady-grill/backend/vendor/laravel/framework/src/Illuminate/Broadcasting/Broadcasters/PusherBroadcaster.php:164)
[stacktrace]
#0 /Applications/KSK/IS/ayeyarwady-grill/backend/vendor/laravel/framework/src/Illuminate/Broadcasting/BroadcastEvent.php(93): Illuminate\\Broadcasting\\Broadcasters\\PusherBroadcaster->broadcast(Object(Illuminate\\Support\\Collection), 'booking.new', Array)
#1 /Applications/KSK/IS/ayeyarwady-grill/backend/vendor/laravel/framework/src/Illuminate/Container/BoundMethod.php(36): Illuminate\\Broadcasting\\BroadcastEvent->handle(Object(Illuminate\\Broadcasting\\BroadcastManager))
#2 /Applications/KSK/IS/ayeyarwady-grill/backend/vendor/laravel/framework/src/Illuminate/Container/Util.php(43): Illuminate\\Container\\BoundMethod::{closure:Illuminate\\Container\\BoundMethod::call():35}()
#3 /Applications/KSK/IS/ayeyarwady-grill/backend/vendor/laravel/framework/src/Illuminate/Container/BoundMethod.php(95): Illuminate\\Container\\Util::unwrapIfClosure(Object(Closure))
#4 /Applications/KSK/IS/ayeyarwady-grill/backend/vendor/laravel/framework/src/Illuminate/Container/BoundMethod.php(35): Illuminate\\Container\\BoundMethod::callBoundMethod(Object(Illuminate\\Foundation\\Application), Array, Object(Closure))
#5 /Applications/KSK/IS/ayeyarwady-grill/backend/vendor/laravel/framework/src/Illuminate/Container/Container.php(696): Illuminate\\Container\\BoundMethod::call(Object(Illuminate\\Foundation\\Application), Array, Array, NULL)
#6 /Applications/KSK/IS/ayeyarwady-grill/backend/vendor/laravel/framework/src/Illuminate/Bus/Dispatcher.php(126): Illuminate\\Container\\Container->call(Array)
#7 /Applications/KSK/IS/ayeyarwady-grill/backend/vendor/laravel/framework/src/Illuminate/Pipeline/Pipeline.php(170): Illuminate\\Bus\\Dispatcher->{closure:Illuminate\\Bus\\Dispatcher::dispatchNow():123}(Object(Illuminate\\Broadcasting\\BroadcastEvent))
#8 /Applications/KSK/IS/ayeyarwady-grill/backend/vendor/laravel/framework/src/Illuminate/Pipeline/Pipeline.php(127): Illuminate\\Pipeline\\Pipeline->{closure:Illuminate\\Pipeline\\Pipeline::prepareDestination():168}(Object(Illuminate\\Broadcasting\\BroadcastEvent))
#9 /Applications/KSK/IS/ayeyarwady-grill/backend/vendor/laravel/framework/src/Illuminate/Bus/Dispatcher.php(130): Illuminate\\Pipeline\\Pipeline->then(Object(Closure))
#10 /Applications/KSK/IS/ayeyarwady-grill/backend/vendor/laravel/framework/src/Illuminate/Queue/CallQueuedHandler.php(126): Illuminate\\Bus\\Dispatcher->dispatchNow(Object(Illuminate\\Broadcasting\\BroadcastEvent), false)
#11 /Applications/KSK/IS/ayeyarwady-grill/backend/vendor/laravel/framework/src/Illuminate/Pipeline/Pipeline.php(170): Illuminate\\Queue\\CallQueuedHandler->{closure:Illuminate\\Queue\\CallQueuedHandler::dispatchThroughMiddleware():121}(Object(Illuminate\\Broadcasting\\BroadcastEvent))
#12 /Applications/KSK/IS/ayeyarwady-grill/backend/vendor/laravel/framework/src/Illuminate/Pipeline/Pipeline.php(127): Illuminate\\Pipeline\\Pipeline->{closure:Illuminate\\Pipeline\\Pipeline::prepareDestination():168}(Object(Illuminate\\Broadcasting\\BroadcastEvent))
#13 /Applications/KSK/IS/ayeyarwady-grill/backend/vendor/laravel/framework/src/Illuminate/Queue/CallQueuedHandler.php(121): Illuminate\\Pipeline\\Pipeline->then(Object(Closure))
#14 /Applications/KSK/IS/ayeyarwady-grill/backend/vendor/laravel/framework/src/Illuminate/Queue/CallQueuedHandler.php(69): Illuminate\\Queue\\CallQueuedHandler->dispatchThroughMiddleware(Object(Illuminate\\Queue\\Jobs\\SyncJob), Object(Illuminate\\Broadcasting\\BroadcastEvent))
#15 /Applications/KSK/IS/ayeyarwady-grill/backend/vendor/laravel/framework/src/Illuminate/Queue/Jobs/Job.php(102): Illuminate\\Queue\\CallQueuedHandler->call(Object(Illuminate\\Queue\\Jobs\\SyncJob), Array)
#16 /Applications/KSK/IS/ayeyarwady-grill/backend/vendor/laravel/framework/src/Illuminate/Queue/SyncQueue.php(76): Illuminate\\Queue\\Jobs\\Job->fire()
#17 /Applications/KSK/IS/ayeyarwady-grill/backend/vendor/laravel/framework/src/Illuminate/Queue/SyncQueue.php(56): Illuminate\\Queue\\SyncQueue->executeJob(Object(Illuminate\\Broadcasting\\BroadcastEvent), '', NULL)
#18 /Applications/KSK/IS/ayeyarwady-grill/backend/vendor/laravel/framework/src/Illuminate/Queue/Queue.php(59): Illuminate\\Queue\\SyncQueue->push(Object(Illuminate\\Broadcasting\\BroadcastEvent), '', NULL)
#19 /Applications/KSK/IS/ayeyarwady-grill/backend/vendor/laravel/framework/src/Illuminate/Broadcasting/BroadcastManager.php(207): Illuminate\\Queue\\Queue->pushOn(NULL, Object(Illuminate\\Broadcasting\\BroadcastEvent))
#20 /Applications/KSK/IS/ayeyarwady-grill/backend/vendor/laravel/framework/src/Illuminate/Events/Dispatcher.php(358): Illuminate\\Broadcasting\\BroadcastManager->queue(Object(App\\Events\\BookingCreated))
#21 /Applications/KSK/IS/ayeyarwady-grill/backend/vendor/laravel/framework/src/Illuminate/Events/Dispatcher.php(281): Illuminate\\Events\\Dispatcher->broadcastEvent(Object(App\\Events\\BookingCreated))
#22 /Applications/KSK/IS/ayeyarwady-grill/backend/vendor/laravel/framework/src/Illuminate/Events/Dispatcher.php(267): Illuminate\\Events\\Dispatcher->invokeListeners('App\\\\Events\\\\Book...', Array, false)
#23 /Applications/KSK/IS/ayeyarwady-grill/backend/vendor/laravel/framework/src/Illuminate/Broadcasting/PendingBroadcast.php(72): Illuminate\\Events\\Dispatcher->dispatch('App\\\\Events\\\\Book...')
#24 /Applications/KSK/IS/ayeyarwady-grill/backend/vendor/laravel/framework/src/Illuminate/Foundation/helpers.php(223): Illuminate\\Broadcasting\\PendingBroadcast->__destruct()
#25 /Applications/KSK/IS/ayeyarwady-grill/backend/app/Http/Controllers/Api/BookingController.php(95): broadcast(Object(App\\Events\\BookingCreated))
#26 /Applications/KSK/IS/ayeyarwady-grill/backend/vendor/laravel/framework/src/Illuminate/Routing/ControllerDispatcher.php(47): App\\Http\\Controllers\\Api\\BookingController->store(Object(Illuminate\\Http\\Request))
#27 /Applications/KSK/IS/ayeyarwady-grill/backend/vendor/laravel/framework/src/Illuminate/Routing/Route.php(266): Illuminate\\Routing\\ControllerDispatcher->dispatch(Object(Illuminate\\Routing\\Route), Object(App\\Http\\Controllers\\Api\\BookingController), 'store')
#28 /Applications/KSK/IS/ayeyarwady-grill/backend/vendor/laravel/framework/src/Illuminate/Routing/Route.php(212): Illuminate\\Routing\\Route->runController()
#29 /Applications/KSK/IS/ayeyarwady-grill/backend/vendor/laravel/framework/src/Illuminate/Routing/Router.php(808): Illuminate\\Routing\\Route->run()
#30 /Applications/KSK/IS/ayeyarwady-grill/backend/vendor/laravel/framework/src/Illuminate/Pipeline/Pipeline.php(170): Illuminate\\Routing\\Router->{closure:Illuminate\\Routing\\Router::runRouteWithinStack():807}(Object(Illuminate\\Http\\Request))
#31 /Applications/KSK/IS/ayeyarwady-grill/backend/app/Http/Middleware/RoleMiddleware.php(39): Illuminate\\Pipeline\\Pipeline->{closure:Illuminate\\Pipeline\\Pipeline::prepareDestination():168}(Object(Illuminate\\Http\\Request))
#32 /Applications/KSK/IS/ayeyarwady-grill/backend/vendor/laravel/framework/src/Illuminate/Pipeline/Pipeline.php(209): App\\Http\\Middleware\\RoleMiddleware->handle(Object(Illuminate\\Http\\Request), Object(Closure), 'customer')
#33 /Applications/KSK/IS/ayeyarwady-grill/backend/vendor/laravel/framework/src/Illuminate/Routing/Middleware/SubstituteBindings.php(51): Illuminate\\Pipeline\\Pipeline->{closure:{closure:Illuminate\\Pipeline\\Pipeline::carry():184}:185}(Object(Illuminate\\Http\\Request))
#34 /Applications/KSK/IS/ayeyarwady-grill/backend/vendor/laravel/framework/src/Illuminate/Pipeline/Pipeline.php(209): Illuminate\\Routing\\Middleware\\SubstituteBindings->handle(Object(Illuminate\\Http\\Request), Object(Closure))
#35 /Applications/KSK/IS/ayeyarwady-grill/backend/vendor/laravel/framework/src/Illuminate/Auth/Middleware/Authenticate.php(64): Illuminate\\Pipeline\\Pipeline->{closure:{closure:Illuminate\\Pipeline\\Pipeline::carry():184}:185}(Object(Illuminate\\Http\\Request))
#36 /Applications/KSK/IS/ayeyarwady-grill/backend/vendor/laravel/framework/src/Illuminate/Pipeline/Pipeline.php(209): Illuminate\\Auth\\Middleware\\Authenticate->handle(Object(Illuminate\\Http\\Request), Object(Closure), 'sanctum')
#37 /Applications/KSK/IS/ayeyarwady-grill/backend/vendor/laravel/framework/src/Illuminate/Pipeline/Pipeline.php(127): Illuminate\\Pipeline\\Pipeline->{closure:{closure:Illuminate\\Pipeline\\Pipeline::carry():184}:185}(Object(Illuminate\\Http\\Request))
#38 /Applications/KSK/IS/ayeyarwady-grill/backend/vendor/laravel/framework/src/Illuminate/Routing/Router.php(807): Illuminate\\Pipeline\\Pipeline->then(Object(Closure))
#39 /Applications/KSK/IS/ayeyarwady-grill/backend/vendor/laravel/framework/src/Illuminate/Routing/Router.php(786): Illuminate\\Routing\\Router->runRouteWithinStack(Object(Illuminate\\Routing\\Route), Object(Illuminate\\Http\\Request))
#40 /Applications/KSK/IS/ayeyarwady-grill/backend/vendor/laravel/framework/src/Illuminate/Routing/Router.php(750): Illuminate\\Routing\\Router->runRoute(Object(Illuminate\\Http\\Request), Object(Illuminate\\Routing\\Route))
#41 /Applications/KSK/IS/ayeyarwady-grill/backend/vendor/laravel/framework/src/Illuminate/Routing/Router.php(739): Illuminate\\Routing\\Router->dispatchToRoute(Object(Illuminate\\Http\\Request))
#42 /Applications/KSK/IS/ayeyarwady-grill/backend/vendor/laravel/framework/src/Illuminate/Foundation/Http/Kernel.php(201): Illuminate\\Routing\\Router->dispatch(Object(Illuminate\\Http\\Request))
#43 /Applications/KSK/IS/ayeyarwady-grill/backend/vendor/laravel/framework/src/Illuminate/Pipeline/Pipeline.php(170): Illuminate\\Foundation\\Http\\Kernel->{closure:Illuminate\\Foundation\\Http\\Kernel::dispatchToRouter():198}(Object(Illuminate\\Http\\Request))
#44 /Applications/KSK/IS/ayeyarwady-grill/backend/vendor/laravel/framework/src/Illuminate/Foundation/Http/Middleware/TransformsRequest.php(21): Illuminate\\Pipeline\\Pipeline->{closure:Illuminate\\Pipeline\\Pipeline::prepareDestination():168}(Object(Illuminate\\Http\\Request))
#45 /Applications/KSK/IS/ayeyarwady-grill/backend/vendor/laravel/framework/src/Illuminate/Foundation/Http/Middleware/ConvertEmptyStringsToNull.php(31): Illuminate\\Foundation\\Http\\Middleware\\TransformsRequest->handle(Object(Illuminate\\Http\\Request), Object(Closure))
#46 /Applications/KSK/IS/ayeyarwady-grill/backend/vendor/laravel/framework/src/Illuminate/Pipeline/Pipeline.php(209): Illuminate\\Foundation\\Http\\Middleware\\ConvertEmptyStringsToNull->handle(Object(Illuminate\\Http\\Request), Object(Closure))
#47 /Applications/KSK/IS/ayeyarwady-grill/backend/vendor/laravel/framework/src/Illuminate/Foundation/Http/Middleware/TransformsRequest.php(21): Illuminate\\Pipeline\\Pipeline->{closure:{closure:Illuminate\\Pipeline\\Pipeline::carry():184}:185}(Object(Illuminate\\Http\\Request))
#48 /Applications/KSK/IS/ayeyarwady-grill/backend/vendor/laravel/framework/src/Illuminate/Foundation/Http/Middleware/TrimStrings.php(51): Illuminate\\Foundation\\Http\\Middleware\\TransformsRequest->handle(Object(Illuminate\\Http\\Request), Object(Closure))
#49 /Applications/KSK/IS/ayeyarwady-grill/backend/vendor/laravel/framework/src/Illuminate/Pipeline/Pipeline.php(209): Illuminate\\Foundation\\Http\\Middleware\\TrimStrings->handle(Object(Illuminate\\Http\\Request), Object(Closure))
#50 /Applications/KSK/IS/ayeyarwady-grill/backend/vendor/laravel/framework/src/Illuminate/Http/Middleware/ValidatePostSize.php(27): Illuminate\\Pipeline\\Pipeline->{closure:{closure:Illuminate\\Pipeline\\Pipeline::carry():184}:185}(Object(Illuminate\\Http\\Request))
#51 /Applications/KSK/IS/ayeyarwady-grill/backend/vendor/laravel/framework/src/Illuminate/Pipeline/Pipeline.php(209): Illuminate\\Http\\Middleware\\ValidatePostSize->handle(Object(Illuminate\\Http\\Request), Object(Closure))
#52 /Applications/KSK/IS/ayeyarwady-grill/backend/vendor/laravel/framework/src/Illuminate/Foundation/Http/Middleware/PreventRequestsDuringMaintenance.php(110): Illuminate\\Pipeline\\Pipeline->{closure:{closure:Illuminate\\Pipeline\\Pipeline::carry():184}:185}(Object(Illuminate\\Http\\Request))
#53 /Applications/KSK/IS/ayeyarwady-grill/backend/vendor/laravel/framework/src/Illuminate/Pipeline/Pipeline.php(209): Illuminate\\Foundation\\Http\\Middleware\\PreventRequestsDuringMaintenance->handle(Object(Illuminate\\Http\\Request), Object(Closure))
#54 /Applications/KSK/IS/ayeyarwady-grill/backend/vendor/laravel/framework/src/Illuminate/Http/Middleware/HandleCors.php(62): Illuminate\\Pipeline\\Pipeline->{closure:{closure:Illuminate\\Pipeline\\Pipeline::carry():184}:185}(Object(Illuminate\\Http\\Request))
#55 /Applications/KSK/IS/ayeyarwady-grill/backend/vendor/laravel/framework/src/Illuminate/Pipeline/Pipeline.php(209): Illuminate\\Http\\Middleware\\HandleCors->handle(Object(Illuminate\\Http\\Request), Object(Closure))
#56 /Applications/KSK/IS/ayeyarwady-grill/backend/vendor/laravel/framework/src/Illuminate/Http/Middleware/TrustProxies.php(58): Illuminate\\Pipeline\\Pipeline->{closure:{closure:Illuminate\\Pipeline\\Pipeline::carry():184}:185}(Object(Illuminate\\Http\\Request))
#57 /Applications/KSK/IS/ayeyarwady-grill/backend/vendor/laravel/framework/src/Illuminate/Pipeline/Pipeline.php(209): Illuminate\\Http\\Middleware\\TrustProxies->handle(Object(Illuminate\\Http\\Request), Object(Closure))
#58 /Applications/KSK/IS/ayeyarwady-grill/backend/vendor/laravel/framework/src/Illuminate/Foundation/Http/Middleware/InvokeDeferredCallbacks.php(22): Illuminate\\Pipeline\\Pipeline->{closure:{closure:Illuminate\\Pipeline\\Pipeline::carry():184}:185}(Object(Illuminate\\Http\\Request))
#59 /Applications/KSK/IS/ayeyarwady-grill/backend/vendor/laravel/framework/src/Illuminate/Pipeline/Pipeline.php(209): Illuminate\\Foundation\\Http\\Middleware\\InvokeDeferredCallbacks->handle(Object(Illuminate\\Http\\Request), Object(Closure))
#60 /Applications/KSK/IS/ayeyarwady-grill/backend/vendor/laravel/framework/src/Illuminate/Pipeline/Pipeline.php(127): Illuminate\\Pipeline\\Pipeline->{closure:{closure:Illuminate\\Pipeline\\Pipeline::carry():184}:185}(Object(Illuminate\\Http\\Request))
#61 /Applications/KSK/IS/ayeyarwady-grill/backend/vendor/laravel/framework/src/Illuminate/Foundation/Http/Kernel.php(176): Illuminate\\Pipeline\\Pipeline->then(Object(Closure))
#62 /Applications/KSK/IS/ayeyarwady-grill/backend/vendor/laravel/framework/src/Illuminate/Foundation/Http/Kernel.php(145): Illuminate\\Foundation\\Http\\Kernel->sendRequestThroughRouter(Object(Illuminate\\Http\\Request))
#63 /Applications/KSK/IS/ayeyarwady-grill/backend/vendor/laravel/framework/src/Illuminate/Foundation/Application.php(1220): Illuminate\\Foundation\\Http\\Kernel->handle(Object(Illuminate\\Http\\Request))
#64 /Applications/KSK/IS/ayeyarwady-grill/backend/public/index.php(21): Illuminate\\Foundation\\Application->handleRequest(Object(Illuminate\\Http\\Request))
#65 /Applications/KSK/IS/ayeyarwady-grill/backend/vendor/laravel/framework/src/Illuminate/Foundation/resources/server.php(23): require_once('/Applications/K...')
#66 {main}
"} 
[2026-09-02 17:13:40] local.ERROR: Pusher error: Internal server error.. {"userId":1,"exception":"[object] (Illuminate\\Broadcasting\\BroadcastException(code: 0): Pusher error: Internal server error.. at /Applications/KSK/IS/ayeyarwady-grill/backend/vendor/laravel/framework/src/Illuminate/Broadcasting/Broadcasters/PusherBroadcaster.php:164)
[stacktrace]
#0 /Applications/KSK/IS/ayeyarwady-grill/backend/vendor/laravel/framework/src/Illuminate/Broadcasting/BroadcastEvent.php(93): Illuminate\\Broadcasting\\Broadcasters\\PusherBroadcaster->broadcast(Object(Illuminate\\Support\\Collection), 'booking.new', Array)
#1 /Applications/KSK/IS/ayeyarwady-grill/backend/vendor/laravel/framework/src/Illuminate/Container/BoundMethod.php(36): Illuminate\\Broadcasting\\BroadcastEvent->handle(Object(Illuminate\\Broadcasting\\BroadcastManager))
#2 /Applications/KSK/IS/ayeyarwady-grill/backend/vendor/laravel/framework/src/Illuminate/Container/Util.php(43): Illuminate\\Container\\BoundMethod::{closure:Illuminate\\Container\\BoundMethod::call():35}()
#3 /Applications/KSK/IS/ayeyarwady-grill/backend/vendor/laravel/framework/src/Illuminate/Container/BoundMethod.php(95): Illuminate\\Container\\Util::unwrapIfClosure(Object(Closure))
#4 /Applications/KSK/IS/ayeyarwady-grill/backend/vendor/laravel/framework/src/Illuminate/Container/BoundMethod.php(35): Illuminate\\Container\\BoundMethod::callBoundMethod(Object(Illuminate\\Foundation\\Application), Array, Object(Closure))
#5 /Applications/KSK/IS/ayeyarwady-grill/backend/vendor/laravel/framework/src/Illuminate/Container/Container.php(696): Illuminate\\Container\\BoundMethod::call(Object(Illuminate\\Foundation\\Application), Array, Array, NULL)
#6 /Applications/KSK/IS/ayeyarwady-grill/backend/vendor/laravel/framework/src/Illuminate/Bus/Dispatcher.php(126): Illuminate\\Container\\Container->call(Array)
#7 /Applications/KSK/IS/ayeyarwady-grill/backend/vendor/laravel/framework/src/Illuminate/Pipeline/Pipeline.php(170): Illuminate\\Bus\\Dispatcher->{closure:Illuminate\\Bus\\Dispatcher::dispatchNow():123}(Object(Illuminate\\Broadcasting\\BroadcastEvent))
#8 /Applications/KSK/IS/ayeyarwady-grill/backend/vendor/laravel/framework/src/Illuminate/Pipeline/Pipeline.php(127): Illuminate\\Pipeline\\Pipeline->{closure:Illuminate\\Pipeline\\Pipeline::prepareDestination():168}(Object(Illuminate\\Broadcasting\\BroadcastEvent))
#9 /Applications/KSK/IS/ayeyarwady-grill/backend/vendor/laravel/framework/src/Illuminate/Bus/Dispatcher.php(130): Illuminate\\Pipeline\\Pipeline->then(Object(Closure))
#10 /Applications/KSK/IS/ayeyarwady-grill/backend/vendor/laravel/framework/src/Illuminate/Queue/CallQueuedHandler.php(126): Illuminate\\Bus\\Dispatcher->dispatchNow(Object(Illuminate\\Broadcasting\\BroadcastEvent), false)
#11 /Applications/KSK/IS/ayeyarwady-grill/backend/vendor/laravel/framework/src/Illuminate/Pipeline/Pipeline.php(170): Illuminate\\Queue\\CallQueuedHandler->{closure:Illuminate\\Queue\\CallQueuedHandler::dispatchThroughMiddleware():121}(Object(Illuminate\\Broadcasting\\BroadcastEvent))
#12 /Applications/KSK/IS/ayeyarwady-grill/backend/vendor/laravel/framework/src/Illuminate/Pipeline/Pipeline.php(127): Illuminate\\Pipeline\\Pipeline->{closure:Illuminate\\Pipeline\\Pipeline::prepareDestination():168}(Object(Illuminate\\Broadcasting\\BroadcastEvent))
#13 /Applications/KSK/IS/ayeyarwady-grill/backend/vendor/laravel/framework/src/Illuminate/Queue/CallQueuedHandler.php(121): Illuminate\\Pipeline\\Pipeline->then(Object(Closure))
#14 /Applications/KSK/IS/ayeyarwady-grill/backend/vendor/laravel/framework/src/Illuminate/Queue/CallQueuedHandler.php(69): Illuminate\\Queue\\CallQueuedHandler->dispatchThroughMiddleware(Object(Illuminate\\Queue\\Jobs\\SyncJob), Object(Illuminate\\Broadcasting\\BroadcastEvent))
#15 /Applications/KSK/IS/ayeyarwady-grill/backend/vendor/laravel/framework/src/Illuminate/Queue/Jobs/Job.php(102): Illuminate\\Queue\\CallQueuedHandler->call(Object(Illuminate\\Queue\\Jobs\\SyncJob), Array)
#16 /Applications/KSK/IS/ayeyarwady-grill/backend/vendor/laravel/framework/src/Illuminate/Queue/SyncQueue.php(76): Illuminate\\Queue\\Jobs\\Job->fire()
#17 /Applications/KSK/IS/ayeyarwady-grill/backend/vendor/laravel/framework/src/Illuminate/Queue/SyncQueue.php(56): Illuminate\\Queue\\SyncQueue->executeJob(Object(Illuminate\\Broadcasting\\BroadcastEvent), '', NULL)
#18 /Applications/KSK/IS/ayeyarwady-grill/backend/vendor/laravel/framework/src/Illuminate/Queue/Queue.php(59): Illuminate\\Queue\\SyncQueue->push(Object(Illuminate\\Broadcasting\\BroadcastEvent), '', NULL)
#19 /Applications/KSK/IS/ayeyarwady-grill/backend/vendor/laravel/framework/src/Illuminate/Broadcasting/BroadcastManager.php(207): Illuminate\\Queue\\Queue->pushOn(NULL, Object(Illuminate\\Broadcasting\\BroadcastEvent))
#20 /Applications/KSK/IS/ayeyarwady-grill/backend/vendor/laravel/framework/src/Illuminate/Events/Dispatcher.php(358): Illuminate\\Broadcasting\\BroadcastManager->queue(Object(App\\Events\\BookingCreated))
#21 /Applications/KSK/IS/ayeyarwady-grill/backend/vendor/laravel/framework/src/Illuminate/Events/Dispatcher.php(281): Illuminate\\Events\\Dispatcher->broadcastEvent(Object(App\\Events\\BookingCreated))
#22 /Applications/KSK/IS/ayeyarwady-grill/backend/vendor/laravel/framework/src/Illuminate/Events/Dispatcher.php(267): Illuminate\\Events\\Dispatcher->invokeListeners('App\\\\Events\\\\Book...', Array, false)
#23 /Applications/KSK/IS/ayeyarwady-grill/backend/vendor/laravel/framework/src/Illuminate/Broadcasting/PendingBroadcast.php(72): Illuminate\\Events\\Dispatcher->dispatch('App\\\\Events\\\\Book...')
#24 /Applications/KSK/IS/ayeyarwady-grill/backend/vendor/laravel/framework/src/Illuminate/Foundation/helpers.php(223): Illuminate\\Broadcasting\\PendingBroadcast->__destruct()
#25 /Applications/KSK/IS/ayeyarwady-grill/backend/app/Http/Controllers/Api/BookingController.php(95): broadcast(Object(App\\Events\\BookingCreated))
#26 /Applications/KSK/IS/ayeyarwady-grill/backend/vendor/laravel/framework/src/Illuminate/Routing/ControllerDispatcher.php(47): App\\Http\\Controllers\\Api\\BookingController->store(Object(Illuminate\\Http\\Request))
#27 /Applications/KSK/IS/ayeyarwady-grill/backend/vendor/laravel/framework/src/Illuminate/Routing/Route.php(266): Illuminate\\Routing\\ControllerDispatcher->dispatch(Object(Illuminate\\Routing\\Route), Object(App\\Http\\Controllers\\Api\\BookingController), 'store')
#28 /Applications/KSK/IS/ayeyarwady-grill/backend/vendor/laravel/framework/src/Illuminate/Routing/Route.php(212): Illuminate\\Routing\\Route->runController()
#29 /Applications/KSK/IS/ayeyarwady-grill/backend/vendor/laravel/framework/src/Illuminate/Routing/Router.php(808): Illuminate\\Routing\\Route->run()
#30 /Applications/KSK/IS/ayeyarwady-grill/backend/vendor/laravel/framework/src/Illuminate/Pipeline/Pipeline.php(170): Illuminate\\Routing\\Router->{closure:Illuminate\\Routing\\Router::runRouteWithinStack():807}(Object(Illuminate\\Http\\Request))
#31 /Applications/KSK/IS/ayeyarwady-grill/backend/app/Http/Middleware/RoleMiddleware.php(39): Illuminate\\Pipeline\\Pipeline->{closure:Illuminate\\Pipeline\\Pipeline::prepareDestination():168}(Object(Illuminate\\Http\\Request))
#32 /Applications/KSK/IS/ayeyarwady-grill/backend/vendor/laravel/framework/src/Illuminate/Pipeline/Pipeline.php(209): App\\Http\\Middleware\\RoleMiddleware->handle(Object(Illuminate\\Http\\Request), Object(Closure), 'customer')
#33 /Applications/KSK/IS/ayeyarwady-grill/backend/vendor/laravel/framework/src/Illuminate/Routing/Middleware/SubstituteBindings.php(51): Illuminate\\Pipeline\\Pipeline->{closure:{closure:Illuminate\\Pipeline\\Pipeline::carry():184}:185}(Object(Illuminate\\Http\\Request))
#34 /Applications/KSK/IS/ayeyarwady-grill/backend/vendor/laravel/framework/src/Illuminate/Pipeline/Pipeline.php(209): Illuminate\\Routing\\Middleware\\SubstituteBindings->handle(Object(Illuminate\\Http\\Request), Object(Closure))
#35 /Applications/KSK/IS/ayeyarwady-grill/backend/vendor/laravel/framework/src/Illuminate/Auth/Middleware/Authenticate.php(64): Illuminate\\Pipeline\\Pipeline->{closure:{closure:Illuminate\\Pipeline\\Pipeline::carry():184}:185}(Object(Illuminate\\Http\\Request))
#36 /Applications/KSK/IS/ayeyarwady-grill/backend/vendor/laravel/framework/src/Illuminate/Pipeline/Pipeline.php(209): Illuminate\\Auth\\Middleware\\Authenticate->handle(Object(Illuminate\\Http\\Request), Object(Closure), 'sanctum')
#37 /Applications/KSK/IS/ayeyarwady-grill/backend/vendor/laravel/framework/src/Illuminate/Pipeline/Pipeline.php(127): Illuminate\\Pipeline\\Pipeline->{closure:{closure:Illuminate\\Pipeline\\Pipeline::carry():184}:185}(Object(Illuminate\\Http\\Request))
#38 /Applications/KSK/IS/ayeyarwady-grill/backend/vendor/laravel/framework/src/Illuminate/Routing/Router.php(807): Illuminate\\Pipeline\\Pipeline->then(Object(Closure))
#39 /Applications/KSK/IS/ayeyarwady-grill/backend/vendor/laravel/framework/src/Illuminate/Routing/Router.php(786): Illuminate\\Routing\\Router->runRouteWithinStack(Object(Illuminate\\Routing\\Route), Object(Illuminate\\Http\\Request))
#40 /Applications/KSK/IS/ayeyarwady-grill/backend/vendor/laravel/framework/src/Illuminate/Routing/Router.php(750): Illuminate\\Routing\\Router->runRoute(Object(Illuminate\\Http\\Request), Object(Illuminate\\Routing\\Route))
#41 /Applications/KSK/IS/ayeyarwady-grill/backend/vendor/laravel/framework/src/Illuminate/Routing/Router.php(739): Illuminate\\Routing\\Router->dispatchToRoute(Object(Illuminate\\Http\\Request))
#42 /Applications/KSK/IS/ayeyarwady-grill/backend/vendor/laravel/framework/src/Illuminate/Foundation/Http/Kernel.php(201): Illuminate\\Routing\\Router->dispatch(Object(Illuminate\\Http\\Request))
#43 /Applications/KSK/IS/ayeyarwady-grill/backend/vendor/laravel/framework/src/Illuminate/Pipeline/Pipeline.php(170): Illuminate\\Foundation\\Http\\Kernel->{closure:Illuminate\\Foundation\\Http\\Kernel::dispatchToRouter():198}(Object(Illuminate\\Http\\Request))
#44 /Applications/KSK/IS/ayeyarwady-grill/backend/vendor/laravel/framework/src/Illuminate/Foundation/Http/Middleware/TransformsRequest.php(21): Illuminate\\Pipeline\\Pipeline->{closure:Illuminate\\Pipeline\\Pipeline::prepareDestination():168}(Object(Illuminate\\Http\\Request))
#45 /Applications/KSK/IS/ayeyarwady-grill/backend/vendor/laravel/framework/src/Illuminate/Foundation/Http/Middleware/ConvertEmptyStringsToNull.php(31): Illuminate\\Foundation\\Http\\Middleware\\TransformsRequest->handle(Object(Illuminate\\Http\\Request), Object(Closure))
#46 /Applications/KSK/IS/ayeyarwady-grill/backend/vendor/laravel/framework/src/Illuminate/Pipeline/Pipeline.php(209): Illuminate\\Foundation\\Http\\Middleware\\ConvertEmptyStringsToNull->handle(Object(Illuminate\\Http\\Request), Object(Closure))
#47 /Applications/KSK/IS/ayeyarwady-grill/backend/vendor/laravel/framework/src/Illuminate/Foundation/Http/Middleware/TransformsRequest.php(21): Illuminate\\Pipeline\\Pipeline->{closure:{closure:Illuminate\\Pipeline\\Pipeline::carry():184}:185}(Object(Illuminate\\Http\\Request))
#48 /Applications/KSK/IS/ayeyarwady-grill/backend/vendor/laravel/framework/src/Illuminate/Foundation/Http/Middleware/TrimStrings.php(51): Illuminate\\Foundation\\Http\\Middleware\\TransformsRequest->handle(Object(Illuminate\\Http\\Request), Object(Closure))
#49 /Applications/KSK/IS/ayeyarwady-grill/backend/vendor/laravel/framework/src/Illuminate/Pipeline/Pipeline.php(209): Illuminate\\Foundation\\Http\\Middleware\\TrimStrings->handle(Object(Illuminate\\Http\\Request), Object(Closure))
#50 /Applications/KSK/IS/ayeyarwady-grill/backend/vendor/laravel/framework/src/Illuminate/Http/Middleware/ValidatePostSize.php(27): Illuminate\\Pipeline\\Pipeline->{closure:{closure:Illuminate\\Pipeline\\Pipeline::carry():184}:185}(Object(Illuminate\\Http\\Request))
#51 /Applications/KSK/IS/ayeyarwady-grill/backend/vendor/laravel/framework/src/Illuminate/Pipeline/Pipeline.php(209): Illuminate\\Http\\Middleware\\ValidatePostSize->handle(Object(Illuminate\\Http\\Request), Object(Closure))
#52 /Applications/KSK/IS/ayeyarwady-grill/backend/vendor/laravel/framework/src/Illuminate/Foundation/Http/Middleware/PreventRequestsDuringMaintenance.php(110): Illuminate\\Pipeline\\Pipeline->{closure:{closure:Illuminate\\Pipeline\\Pipeline::carry():184}:185}(Object(Illuminate\\Http\\Request))
#53 /Applications/KSK/IS/ayeyarwady-grill/backend/vendor/laravel/framework/src/Illuminate/Pipeline/Pipeline.php(209): Illuminate\\Foundation\\Http\\Middleware\\PreventRequestsDuringMaintenance->handle(Object(Illuminate\\Http\\Request), Object(Closure))
#54 /Applications/KSK/IS/ayeyarwady-grill/backend/vendor/laravel/framework/src/Illuminate/Http/Middleware/HandleCors.php(62): Illuminate\\Pipeline\\Pipeline->{closure:{closure:Illuminate\\Pipeline\\Pipeline::carry():184}:185}(Object(Illuminate\\Http\\Request))
#55 /Applications/KSK/IS/ayeyarwady-grill/backend/vendor/laravel/framework/src/Illuminate/Pipeline/Pipeline.php(209): Illuminate\\Http\\Middleware\\HandleCors->handle(Object(Illuminate\\Http\\Request), Object(Closure))
#56 /Applications/KSK/IS/ayeyarwady-grill/backend/vendor/laravel/framework/src/Illuminate/Http/Middleware/TrustProxies.php(58): Illuminate\\Pipeline\\Pipeline->{closure:{closure:Illuminate\\Pipeline\\Pipeline::carry():184}:185}(Object(Illuminate\\Http\\Request))
#57 /Applications/KSK/IS/ayeyarwady-grill/backend/vendor/laravel/framework/src/Illuminate/Pipeline/Pipeline.php(209): Illuminate\\Http\\Middleware\\TrustProxies->handle(Object(Illuminate\\Http\\Request), Object(Closure))
#58 /Applications/KSK/IS/ayeyarwady-grill/backend/vendor/laravel/framework/src/Illuminate/Foundation/Http/Middleware/InvokeDeferredCallbacks.php(22): Illuminate\\Pipeline\\Pipeline->{closure:{closure:Illuminate\\Pipeline\\Pipeline::carry():184}:185}(Object(Illuminate\\Http\\Request))
#59 /Applications/KSK/IS/ayeyarwady-grill/backend/vendor/laravel/framework/src/Illuminate/Pipeline/Pipeline.php(209): Illuminate\\Foundation\\Http\\Middleware\\InvokeDeferredCallbacks->handle(Object(Illuminate\\Http\\Request), Object(Closure))
#60 /Applications/KSK/IS/ayeyarwady-grill/backend/vendor/laravel/framework/src/Illuminate/Pipeline/Pipeline.php(127): Illuminate\\Pipeline\\Pipeline->{closure:{closure:Illuminate\\Pipeline\\Pipeline::carry():184}:185}(Object(Illuminate\\Http\\Request))
#61 /Applications/KSK/IS/ayeyarwady-grill/backend/vendor/laravel/framework/src/Illuminate/Foundation/Http/Kernel.php(176): Illuminate\\Pipeline\\Pipeline->then(Object(Closure))
#62 /Applications/KSK/IS/ayeyarwady-grill/backend/vendor/laravel/framework/src/Illuminate/Foundation/Http/Kernel.php(145): Illuminate\\Foundation\\Http\\Kernel->sendRequestThroughRouter(Object(Illuminate\\Http\\Request))
#63 /Applications/KSK/IS/ayeyarwady-grill/backend/vendor/laravel/framework/src/Illuminate/Foundation/Application.php(1220): Illuminate\\Foundation\\Http\\Kernel->handle(Object(Illuminate\\Http\\Request))
#64 /Applications/KSK/IS/ayeyarwady-grill/backend/public/index.php(21): Illuminate\\Foundation\\Application->handleRequest(Object(Illuminate\\Http\\Request))
#65 /Applications/KSK/IS/ayeyarwady-grill/backend/vendor/laravel/framework/src/Illuminate/Foundation/resources/server.php(23): require_once('/Applications/K...')
#66 {main}
"} 
[2026-09-02 19:28:17] local.WARNING: Failed to broadcast BookingCreated: Pusher error: cURL error 7: Failed to connect to localhost port 8080 after 0 ms: Could not connect to server (see https://curl.se/libcurl/c/libcurl-errors.html) for http://localhost:8080/apps/ayeyarwady-grill/events?auth_key=local-reverb-key&auth_timestamp=1788353897&auth_version=1.0&body_md5=97353a15a03b6c6f6b3be7fe221b2ec9&auth_signature=43155607a9f78d26ee8ed10b77bcb149e0f38b26f3d121c9710c18222ddbe710.  
[2026-09-02 19:28:48] local.WARNING: Failed to broadcast BookingCreated: Pusher error: cURL error 7: Failed to connect to localhost port 8080 after 0 ms: Could not connect to server (see https://curl.se/libcurl/c/libcurl-errors.html) for http://localhost:8080/apps/ayeyarwady-grill/events?auth_key=local-reverb-key&auth_timestamp=1788353928&auth_version=1.0&body_md5=e1159fb20c66e13cb0d3f611f9e7b1fa&auth_signature=2bc61875f5f758289ddde1ae73fdd2af679238b894c6ba99dbb190d74172b3bd.  
[2026-09-02 19:38:17] local.WARNING: Failed to broadcast BookingCreated: Pusher error: cURL error 7: Failed to connect to localhost port 8080 after 0 ms: Could not connect to server (see https://curl.se/libcurl/c/libcurl-errors.html) for http://localhost:8080/apps/ayeyarwady-grill/events?auth_key=local-reverb-key&auth_timestamp=1788354497&auth_version=1.0&body_md5=75317820d165b9166dd9bdd15e3b7103&auth_signature=2a575b41be0f0831399ad97c5cf9e1cb9c237b1a782cdf1c0dae93ffb3cdafdf.  
[2026-09-02 20:10:30] local.ERROR: Pusher error: cURL error 7: Failed to connect to localhost port 8080 after 0 ms: Could not connect to server (see https://curl.se/libcurl/c/libcurl-errors.html) for http://localhost:8080/apps/ayeyarwady-grill/events?auth_key=local-reverb-key&auth_timestamp=1788356430&auth_version=1.0&body_md5=317913c6534aa9c2460c09ea71ff7621&auth_signature=43c99c09e46a69201ae9e4892cbd63b87fcce3e81d2f04e7d35f90455363ee34. {"userId":1,"exception":"[object] (Illuminate\\Broadcasting\\BroadcastException(code: 0): Pusher error: cURL error 7: Failed to connect to localhost port 8080 after 0 ms: Could not connect to server (see https://curl.se/libcurl/c/libcurl-errors.html) for http://localhost:8080/apps/ayeyarwady-grill/events?auth_key=local-reverb-key&auth_timestamp=1788356430&auth_version=1.0&body_md5=317913c6534aa9c2460c09ea71ff7621&auth_signature=43c99c09e46a69201ae9e4892cbd63b87fcce3e81d2f04e7d35f90455363ee34. at /Applications/KSK/IS/ayeyarwady-grill/backend/vendor/laravel/framework/src/Illuminate/Broadcasting/Broadcasters/PusherBroadcaster.php:164)
[stacktrace]
#0 /Applications/KSK/IS/ayeyarwady-grill/backend/vendor/laravel/framework/src/Illuminate/Broadcasting/BroadcastEvent.php(93): Illuminate\\Broadcasting\\Broadcasters\\PusherBroadcaster->broadcast(Object(Illuminate\\Support\\Collection), 'table.status-ch...', Array)
#1 /Applications/KSK/IS/ayeyarwady-grill/backend/vendor/laravel/framework/src/Illuminate/Container/BoundMethod.php(36): Illuminate\\Broadcasting\\BroadcastEvent->handle(Object(Illuminate\\Broadcasting\\BroadcastManager))
#2 /Applications/KSK/IS/ayeyarwady-grill/backend/vendor/laravel/framework/src/Illuminate/Container/Util.php(43): Illuminate\\Container\\BoundMethod::{closure:Illuminate\\Container\\BoundMethod::call():35}()
#3 /Applications/KSK/IS/ayeyarwady-grill/backend/vendor/laravel/framework/src/Illuminate/Container/BoundMethod.php(95): Illuminate\\Container\\Util::unwrapIfClosure(Object(Closure))
#4 /Applications/KSK/IS/ayeyarwady-grill/backend/vendor/laravel/framework/src/Illuminate/Container/BoundMethod.php(35): Illuminate\\Container\\BoundMethod::callBoundMethod(Object(Illuminate\\Foundation\\Application), Array, Object(Closure))
#5 /Applications/KSK/IS/ayeyarwady-grill/backend/vendor/laravel/framework/src/Illuminate/Container/Container.php(696): Illuminate\\Container\\BoundMethod::call(Object(Illuminate\\Foundation\\Application), Array, Array, NULL)
#6 /Applications/KSK/IS/ayeyarwady-grill/backend/vendor/laravel/framework/src/Illuminate/Bus/Dispatcher.php(126): Illuminate\\Container\\Container->call(Array)
#7 /Applications/KSK/IS/ayeyarwady-grill/backend/vendor/laravel/framework/src/Illuminate/Pipeline/Pipeline.php(170): Illuminate\\Bus\\Dispatcher->{closure:Illuminate\\Bus\\Dispatcher::dispatchNow():123}(Object(Illuminate\\Broadcasting\\BroadcastEvent))
#8 /Applications/KSK/IS/ayeyarwady-grill/backend/vendor/laravel/framework/src/Illuminate/Pipeline/Pipeline.php(127): Illuminate\\Pipeline\\Pipeline->{closure:Illuminate\\Pipeline\\Pipeline::prepareDestination():168}(Object(Illuminate\\Broadcasting\\BroadcastEvent))
#9 /Applications/KSK/IS/ayeyarwady-grill/backend/vendor/laravel/framework/src/Illuminate/Bus/Dispatcher.php(130): Illuminate\\Pipeline\\Pipeline->then(Object(Closure))
#10 /Applications/KSK/IS/ayeyarwady-grill/backend/vendor/laravel/framework/src/Illuminate/Queue/CallQueuedHandler.php(126): Illuminate\\Bus\\Dispatcher->dispatchNow(Object(Illuminate\\Broadcasting\\BroadcastEvent), false)
#11 /Applications/KSK/IS/ayeyarwady-grill/backend/vendor/laravel/framework/src/Illuminate/Pipeline/Pipeline.php(170): Illuminate\\Queue\\CallQueuedHandler->{closure:Illuminate\\Queue\\CallQueuedHandler::dispatchThroughMiddleware():121}(Object(Illuminate\\Broadcasting\\BroadcastEvent))
#12 /Applications/KSK/IS/ayeyarwady-grill/backend/vendor/laravel/framework/src/Illuminate/Pipeline/Pipeline.php(127): Illuminate\\Pipeline\\Pipeline->{closure:Illuminate\\Pipeline\\Pipeline::prepareDestination():168}(Object(Illuminate\\Broadcasting\\BroadcastEvent))
#13 /Applications/KSK/IS/ayeyarwady-grill/backend/vendor/laravel/framework/src/Illuminate/Queue/CallQueuedHandler.php(121): Illuminate\\Pipeline\\Pipeline->then(Object(Closure))
#14 /Applications/KSK/IS/ayeyarwady-grill/backend/vendor/laravel/framework/src/Illuminate/Queue/CallQueuedHandler.php(69): Illuminate\\Queue\\CallQueuedHandler->dispatchThroughMiddleware(Object(Illuminate\\Queue\\Jobs\\SyncJob), Object(Illuminate\\Broadcasting\\BroadcastEvent))
#15 /Applications/KSK/IS/ayeyarwady-grill/backend/vendor/laravel/framework/src/Illuminate/Queue/Jobs/Job.php(102): Illuminate\\Queue\\CallQueuedHandler->call(Object(Illuminate\\Queue\\Jobs\\SyncJob), Array)
#16 /Applications/KSK/IS/ayeyarwady-grill/backend/vendor/laravel/framework/src/Illuminate/Queue/SyncQueue.php(76): Illuminate\\Queue\\Jobs\\Job->fire()
#17 /Applications/KSK/IS/ayeyarwady-grill/backend/vendor/laravel/framework/src/Illuminate/Queue/SyncQueue.php(56): Illuminate\\Queue\\SyncQueue->executeJob(Object(Illuminate\\Broadcasting\\BroadcastEvent), '', NULL)
#18 /Applications/KSK/IS/ayeyarwady-grill/backend/vendor/laravel/framework/src/Illuminate/Queue/Queue.php(59): Illuminate\\Queue\\SyncQueue->push(Object(Illuminate\\Broadcasting\\BroadcastEvent), '', NULL)
#19 /Applications/KSK/IS/ayeyarwady-grill/backend/vendor/laravel/framework/src/Illuminate/Broadcasting/BroadcastManager.php(207): Illuminate\\Queue\\Queue->pushOn(NULL, Object(Illuminate\\Broadcasting\\BroadcastEvent))
#20 /Applications/KSK/IS/ayeyarwady-grill/backend/vendor/laravel/framework/src/Illuminate/Events/Dispatcher.php(358): Illuminate\\Broadcasting\\BroadcastManager->queue(Object(App\\Events\\TableStatusChanged))
#21 /Applications/KSK/IS/ayeyarwady-grill/backend/vendor/laravel/framework/src/Illuminate/Events/Dispatcher.php(281): Illuminate\\Events\\Dispatcher->broadcastEvent(Object(App\\Events\\TableStatusChanged))
#22 /Applications/KSK/IS/ayeyarwady-grill/backend/vendor/laravel/framework/src/Illuminate/Events/Dispatcher.php(267): Illuminate\\Events\\Dispatcher->invokeListeners('App\\\\Events\\\\Tabl...', Array, false)
#23 /Applications/KSK/IS/ayeyarwady-grill/backend/vendor/laravel/framework/src/Illuminate/Broadcasting/PendingBroadcast.php(72): Illuminate\\Events\\Dispatcher->dispatch('App\\\\Events\\\\Tabl...')
#24 /Applications/KSK/IS/ayeyarwady-grill/backend/vendor/laravel/framework/src/Illuminate/Foundation/helpers.php(223): Illuminate\\Broadcasting\\PendingBroadcast->__destruct()
#25 /Applications/KSK/IS/ayeyarwady-grill/backend/app/Http/Controllers/Api/TableController.php(121): broadcast(Object(App\\Events\\TableStatusChanged))
#26 /Applications/KSK/IS/ayeyarwady-grill/backend/vendor/laravel/framework/src/Illuminate/Routing/ControllerDispatcher.php(47): App\\Http\\Controllers\\Api\\TableController->updateStatus(Object(Illuminate\\Http\\Request), '1')
#27 /Applications/KSK/IS/ayeyarwady-grill/backend/vendor/laravel/framework/src/Illuminate/Routing/Route.php(266): Illuminate\\Routing\\ControllerDispatcher->dispatch(Object(Illuminate\\Routing\\Route), Object(App\\Http\\Controllers\\Api\\TableController), 'updateStatus')
#28 /Applications/KSK/IS/ayeyarwady-grill/backend/vendor/laravel/framework/src/Illuminate/Routing/Route.php(212): Illuminate\\Routing\\Route->runController()
#29 /Applications/KSK/IS/ayeyarwady-grill/backend/vendor/laravel/framework/src/Illuminate/Routing/Router.php(808): Illuminate\\Routing\\Route->run()
#30 /Applications/KSK/IS/ayeyarwady-grill/backend/vendor/laravel/framework/src/Illuminate/Pipeline/Pipeline.php(170): Illuminate\\Routing\\Router->{closure:Illuminate\\Routing\\Router::runRouteWithinStack():807}(Object(Illuminate\\Http\\Request))
#31 /Applications/KSK/IS/ayeyarwady-grill/backend/app/Http/Middleware/RoleMiddleware.php(39): Illuminate\\Pipeline\\Pipeline->{closure:Illuminate\\Pipeline\\Pipeline::prepareDestination():168}(Object(Illuminate\\Http\\Request))
#32 /Applications/KSK/IS/ayeyarwady-grill/backend/vendor/laravel/framework/src/Illuminate/Pipeline/Pipeline.php(209): App\\Http\\Middleware\\RoleMiddleware->handle(Object(Illuminate\\Http\\Request), Object(Closure), 'staff', 'admin')
#33 /Applications/KSK/IS/ayeyarwady-grill/backend/vendor/laravel/framework/src/Illuminate/Routing/Middleware/SubstituteBindings.php(51): Illuminate\\Pipeline\\Pipeline->{closure:{closure:Illuminate\\Pipeline\\Pipeline::carry():184}:185}(Object(Illuminate\\Http\\Request))
#34 /Applications/KSK/IS/ayeyarwady-grill/backend/vendor/laravel/framework/src/Illuminate/Pipeline/Pipeline.php(209): Illuminate\\Routing\\Middleware\\SubstituteBindings->handle(Object(Illuminate\\Http\\Request), Object(Closure))
#35 /Applications/KSK/IS/ayeyarwady-grill/backend/vendor/laravel/framework/src/Illuminate/Auth/Middleware/Authenticate.php(64): Illuminate\\Pipeline\\Pipeline->{closure:{closure:Illuminate\\Pipeline\\Pipeline::carry():184}:185}(Object(Illuminate\\Http\\Request))
#36 /Applications/KSK/IS/ayeyarwady-grill/backend/vendor/laravel/framework/src/Illuminate/Pipeline/Pipeline.php(209): Illuminate\\Auth\\Middleware\\Authenticate->handle(Object(Illuminate\\Http\\Request), Object(Closure), 'sanctum')
#37 /Applications/KSK/IS/ayeyarwady-grill/backend/vendor/laravel/framework/src/Illuminate/Pipeline/Pipeline.php(127): Illuminate\\Pipeline\\Pipeline->{closure:{closure:Illuminate\\Pipeline\\Pipeline::carry():184}:185}(Object(Illuminate\\Http\\Request))
#38 /Applications/KSK/IS/ayeyarwady-grill/backend/vendor/laravel/framework/src/Illuminate/Routing/Router.php(807): Illuminate\\Pipeline\\Pipeline->then(Object(Closure))
#39 /Applications/KSK/IS/ayeyarwady-grill/backend/vendor/laravel/framework/src/Illuminate/Routing/Router.php(786): Illuminate\\Routing\\Router->runRouteWithinStack(Object(Illuminate\\Routing\\Route), Object(Illuminate\\Http\\Request))
#40 /Applications/KSK/IS/ayeyarwady-grill/backend/vendor/laravel/framework/src/Illuminate/Routing/Router.php(750): Illuminate\\Routing\\Router->runRoute(Object(Illuminate\\Http\\Request), Object(Illuminate\\Routing\\Route))
#41 /Applications/KSK/IS/ayeyarwady-grill/backend/vendor/laravel/framework/src/Illuminate/Routing/Router.php(739): Illuminate\\Routing\\Router->dispatchToRoute(Object(Illuminate\\Http\\Request))
#42 /Applications/KSK/IS/ayeyarwady-grill/backend/vendor/laravel/framework/src/Illuminate/Foundation/Http/Kernel.php(201): Illuminate\\Routing\\Router->dispatch(Object(Illuminate\\Http\\Request))
#43 /Applications/KSK/IS/ayeyarwady-grill/backend/vendor/laravel/framework/src/Illuminate/Pipeline/Pipeline.php(170): Illuminate\\Foundation\\Http\\Kernel->{closure:Illuminate\\Foundation\\Http\\Kernel::dispatchToRouter():198}(Object(Illuminate\\Http\\Request))
#44 /Applications/KSK/IS/ayeyarwady-grill/backend/vendor/laravel/framework/src/Illuminate/Foundation/Http/Middleware/TransformsRequest.php(21): Illuminate\\Pipeline\\Pipeline->{closure:Illuminate\\Pipeline\\Pipeline::prepareDestination():168}(Object(Illuminate\\Http\\Request))
#45 /Applications/KSK/IS/ayeyarwady-grill/backend/vendor/laravel/framework/src/Illuminate/Foundation/Http/Middleware/ConvertEmptyStringsToNull.php(31): Illuminate\\Foundation\\Http\\Middleware\\TransformsRequest->handle(Object(Illuminate\\Http\\Request), Object(Closure))
#46 /Applications/KSK/IS/ayeyarwady-grill/backend/vendor/laravel/framework/src/Illuminate/Pipeline/Pipeline.php(209): Illuminate\\Foundation\\Http\\Middleware\\ConvertEmptyStringsToNull->handle(Object(Illuminate\\Http\\Request), Object(Closure))
#47 /Applications/KSK/IS/ayeyarwady-grill/backend/vendor/laravel/framework/src/Illuminate/Foundation/Http/Middleware/TransformsRequest.php(21): Illuminate\\Pipeline\\Pipeline->{closure:{closure:Illuminate\\Pipeline\\Pipeline::carry():184}:185}(Object(Illuminate\\Http\\Request))
#48 /Applications/KSK/IS/ayeyarwady-grill/backend/vendor/laravel/framework/src/Illuminate/Foundation/Http/Middleware/TrimStrings.php(51): Illuminate\\Foundation\\Http\\Middleware\\TransformsRequest->handle(Object(Illuminate\\Http\\Request), Object(Closure))
#49 /Applications/KSK/IS/ayeyarwady-grill/backend/vendor/laravel/framework/src/Illuminate/Pipeline/Pipeline.php(209): Illuminate\\Foundation\\Http\\Middleware\\TrimStrings->handle(Object(Illuminate\\Http\\Request), Object(Closure))
#50 /Applications/KSK/IS/ayeyarwady-grill/backend/vendor/laravel/framework/src/Illuminate/Http/Middleware/ValidatePostSize.php(27): Illuminate\\Pipeline\\Pipeline->{closure:{closure:Illuminate\\Pipeline\\Pipeline::carry():184}:185}(Object(Illuminate\\Http\\Request))
#51 /Applications/KSK/IS/ayeyarwady-grill/backend/vendor/laravel/framework/src/Illuminate/Pipeline/Pipeline.php(209): Illuminate\\Http\\Middleware\\ValidatePostSize->handle(Object(Illuminate\\Http\\Request), Object(Closure))
#52 /Applications/KSK/IS/ayeyarwady-grill/backend/vendor/laravel/framework/src/Illuminate/Foundation/Http/Middleware/PreventRequestsDuringMaintenance.php(110): Illuminate\\Pipeline\\Pipeline->{closure:{closure:Illuminate\\Pipeline\\Pipeline::carry():184}:185}(Object(Illuminate\\Http\\Request))
#53 /Applications/KSK/IS/ayeyarwady-grill/backend/vendor/laravel/framework/src/Illuminate/Pipeline/Pipeline.php(209): Illuminate\\Foundation\\Http\\Middleware\\PreventRequestsDuringMaintenance->handle(Object(Illuminate\\Http\\Request), Object(Closure))
#54 /Applications/KSK/IS/ayeyarwady-grill/backend/vendor/laravel/framework/src/Illuminate/Http/Middleware/HandleCors.php(62): Illuminate\\Pipeline\\Pipeline->{closure:{closure:Illuminate\\Pipeline\\Pipeline::carry():184}:185}(Object(Illuminate\\Http\\Request))
#55 /Applications/KSK/IS/ayeyarwady-grill/backend/vendor/laravel/framework/src/Illuminate/Pipeline/Pipeline.php(209): Illuminate\\Http\\Middleware\\HandleCors->handle(Object(Illuminate\\Http\\Request), Object(Closure))
#56 /Applications/KSK/IS/ayeyarwady-grill/backend/vendor/laravel/framework/src/Illuminate/Http/Middleware/TrustProxies.php(58): Illuminate\\Pipeline\\Pipeline->{closure:{closure:Illuminate\\Pipeline\\Pipeline::carry():184}:185}(Object(Illuminate\\Http\\Request))
#57 /Applications/KSK/IS/ayeyarwady-grill/backend/vendor/laravel/framework/src/Illuminate/Pipeline/Pipeline.php(209): Illuminate\\Http\\Middleware\\TrustProxies->handle(Object(Illuminate\\Http\\Request), Object(Closure))
#58 /Applications/KSK/IS/ayeyarwady-grill/backend/vendor/laravel/framework/src/Illuminate/Foundation/Http/Middleware/InvokeDeferredCallbacks.php(22): Illuminate\\Pipeline\\Pipeline->{closure:{closure:Illuminate\\Pipeline\\Pipeline::carry():184}:185}(Object(Illuminate\\Http\\Request))
#59 /Applications/KSK/IS/ayeyarwady-grill/backend/vendor/laravel/framework/src/Illuminate/Pipeline/Pipeline.php(209): Illuminate\\Foundation\\Http\\Middleware\\InvokeDeferredCallbacks->handle(Object(Illuminate\\Http\\Request), Object(Closure))
#60 /Applications/KSK/IS/ayeyarwady-grill/backend/vendor/laravel/framework/src/Illuminate/Pipeline/Pipeline.php(127): Illuminate\\Pipeline\\Pipeline->{closure:{closure:Illuminate\\Pipeline\\Pipeline::carry():184}:185}(Object(Illuminate\\Http\\Request))
#61 /Applications/KSK/IS/ayeyarwady-grill/backend/vendor/laravel/framework/src/Illuminate/Foundation/Http/Kernel.php(176): Illuminate\\Pipeline\\Pipeline->then(Object(Closure))
#62 /Applications/KSK/IS/ayeyarwady-grill/backend/vendor/laravel/framework/src/Illuminate/Foundation/Http/Kernel.php(145): Illuminate\\Foundation\\Http\\Kernel->sendRequestThroughRouter(Object(Illuminate\\Http\\Request))
#63 /Applications/KSK/IS/ayeyarwady-grill/backend/vendor/laravel/framework/src/Illuminate/Foundation/Application.php(1220): Illuminate\\Foundation\\Http\\Kernel->handle(Object(Illuminate\\Http\\Request))
#64 /Applications/KSK/IS/ayeyarwady-grill/backend/public/index.php(21): Illuminate\\Foundation\\Application->handleRequest(Object(Illuminate\\Http\\Request))
#65 /Applications/KSK/IS/ayeyarwady-grill/backend/vendor/laravel/framework/src/Illuminate/Foundation/resources/server.php(23): require_once('/Applications/K...')
#66 {main}
"} 
[2026-09-02 22:59:39] local.WARNING: Failed to broadcast BookingCreated: Pusher error: cURL error 7: Failed to connect to localhost port 8080 after 0 ms: Could not connect to server (see https://curl.se/libcurl/c/libcurl-errors.html) for http://localhost:8080/apps/ayeyarwady-grill/events?auth_key=local-reverb-key&auth_timestamp=1788366579&auth_version=1.0&body_md5=eef6f08ce1514b4f827c8a8dc6afedf5&auth_signature=8f427e43c67694746d8fb8bbb551fb127a6d26975b7017f38c877dfee55151e3.  
[2026-09-02 23:11:39] local.ERROR: Pusher error: cURL error 7: Failed to connect to localhost port 8080 after 0 ms: Could not connect to server (see https://curl.se/libcurl/c/libcurl-errors.html) for http://localhost:8080/apps/ayeyarwady-grill/events?auth_key=local-reverb-key&auth_timestamp=1788367299&auth_version=1.0&body_md5=be99bed2b9cb7aab1dae5dcd2eb710de&auth_signature=aa68af922d9d2c3fef1968bd0cc05c7bd47b37eb0eb0836a160312aa29a5e706. {"userId":1,"exception":"[object] (Illuminate\\Broadcasting\\BroadcastException(code: 0): Pusher error: cURL error 7: Failed to connect to localhost port 8080 after 0 ms: Could not connect to server (see https://curl.se/libcurl/c/libcurl-errors.html) for http://localhost:8080/apps/ayeyarwady-grill/events?auth_key=local-reverb-key&auth_timestamp=1788367299&auth_version=1.0&body_md5=be99bed2b9cb7aab1dae5dcd2eb710de&auth_signature=aa68af922d9d2c3fef1968bd0cc05c7bd47b37eb0eb0836a160312aa29a5e706. at /Applications/KSK/IS/ayeyarwady-grill/backend/vendor/laravel/framework/src/Illuminate/Broadcasting/Broadcasters/PusherBroadcaster.php:164)
[stacktrace]
#0 /Applications/KSK/IS/ayeyarwady-grill/backend/vendor/laravel/framework/src/Illuminate/Broadcasting/BroadcastEvent.php(93): Illuminate\\Broadcasting\\Broadcasters\\PusherBroadcaster->broadcast(Object(Illuminate\\Support\\Collection), 'table.status-ch...', Array)
#1 /Applications/KSK/IS/ayeyarwady-grill/backend/vendor/laravel/framework/src/Illuminate/Container/BoundMethod.php(36): Illuminate\\Broadcasting\\BroadcastEvent->handle(Object(Illuminate\\Broadcasting\\BroadcastManager))
#2 /Applications/KSK/IS/ayeyarwady-grill/backend/vendor/laravel/framework/src/Illuminate/Container/Util.php(43): Illuminate\\Container\\BoundMethod::{closure:Illuminate\\Container\\BoundMethod::call():35}()
#3 /Applications/KSK/IS/ayeyarwady-grill/backend/vendor/laravel/framework/src/Illuminate/Container/BoundMethod.php(95): Illuminate\\Container\\Util::unwrapIfClosure(Object(Closure))
#4 /Applications/KSK/IS/ayeyarwady-grill/backend/vendor/laravel/framework/src/Illuminate/Container/BoundMethod.php(35): Illuminate\\Container\\BoundMethod::callBoundMethod(Object(Illuminate\\Foundation\\Application), Array, Object(Closure))
#5 /Applications/KSK/IS/ayeyarwady-grill/backend/vendor/laravel/framework/src/Illuminate/Container/Container.php(696): Illuminate\\Container\\BoundMethod::call(Object(Illuminate\\Foundation\\Application), Array, Array, NULL)
#6 /Applications/KSK/IS/ayeyarwady-grill/backend/vendor/laravel/framework/src/Illuminate/Bus/Dispatcher.php(126): Illuminate\\Container\\Container->call(Array)
#7 /Applications/KSK/IS/ayeyarwady-grill/backend/vendor/laravel/framework/src/Illuminate/Pipeline/Pipeline.php(170): Illuminate\\Bus\\Dispatcher->{closure:Illuminate\\Bus\\Dispatcher::dispatchNow():123}(Object(Illuminate\\Broadcasting\\BroadcastEvent))
#8 /Applications/KSK/IS/ayeyarwady-grill/backend/vendor/laravel/framework/src/Illuminate/Pipeline/Pipeline.php(127): Illuminate\\Pipeline\\Pipeline->{closure:Illuminate\\Pipeline\\Pipeline::prepareDestination():168}(Object(Illuminate\\Broadcasting\\BroadcastEvent))
#9 /Applications/KSK/IS/ayeyarwady-grill/backend/vendor/laravel/framework/src/Illuminate/Bus/Dispatcher.php(130): Illuminate\\Pipeline\\Pipeline->then(Object(Closure))
#10 /Applications/KSK/IS/ayeyarwady-grill/backend/vendor/laravel/framework/src/Illuminate/Queue/CallQueuedHandler.php(126): Illuminate\\Bus\\Dispatcher->dispatchNow(Object(Illuminate\\Broadcasting\\BroadcastEvent), false)
#11 /Applications/KSK/IS/ayeyarwady-grill/backend/vendor/laravel/framework/src/Illuminate/Pipeline/Pipeline.php(170): Illuminate\\Queue\\CallQueuedHandler->{closure:Illuminate\\Queue\\CallQueuedHandler::dispatchThroughMiddleware():121}(Object(Illuminate\\Broadcasting\\BroadcastEvent))
#12 /Applications/KSK/IS/ayeyarwady-grill/backend/vendor/laravel/framework/src/Illuminate/Pipeline/Pipeline.php(127): Illuminate\\Pipeline\\Pipeline->{closure:Illuminate\\Pipeline\\Pipeline::prepareDestination():168}(Object(Illuminate\\Broadcasting\\BroadcastEvent))
#13 /Applications/KSK/IS/ayeyarwady-grill/backend/vendor/laravel/framework/src/Illuminate/Queue/CallQueuedHandler.php(121): Illuminate\\Pipeline\\Pipeline->then(Object(Closure))
#14 /Applications/KSK/IS/ayeyarwady-grill/backend/vendor/laravel/framework/src/Illuminate/Queue/CallQueuedHandler.php(69): Illuminate\\Queue\\CallQueuedHandler->dispatchThroughMiddleware(Object(Illuminate\\Queue\\Jobs\\SyncJob), Object(Illuminate\\Broadcasting\\BroadcastEvent))
#15 /Applications/KSK/IS/ayeyarwady-grill/backend/vendor/laravel/framework/src/Illuminate/Queue/Jobs/Job.php(102): Illuminate\\Queue\\CallQueuedHandler->call(Object(Illuminate\\Queue\\Jobs\\SyncJob), Array)
#16 /Applications/KSK/IS/ayeyarwady-grill/backend/vendor/laravel/framework/src/Illuminate/Queue/SyncQueue.php(76): Illuminate\\Queue\\Jobs\\Job->fire()
#17 /Applications/KSK/IS/ayeyarwady-grill/backend/vendor/laravel/framework/src/Illuminate/Queue/SyncQueue.php(56): Illuminate\\Queue\\SyncQueue->executeJob(Object(Illuminate\\Broadcasting\\BroadcastEvent), '', NULL)
#18 /Applications/KSK/IS/ayeyarwady-grill/backend/vendor/laravel/framework/src/Illuminate/Queue/Queue.php(59): Illuminate\\Queue\\SyncQueue->push(Object(Illuminate\\Broadcasting\\BroadcastEvent), '', NULL)
#19 /Applications/KSK/IS/ayeyarwady-grill/backend/vendor/laravel/framework/src/Illuminate/Broadcasting/BroadcastManager.php(207): Illuminate\\Queue\\Queue->pushOn(NULL, Object(Illuminate\\Broadcasting\\BroadcastEvent))
#20 /Applications/KSK/IS/ayeyarwady-grill/backend/vendor/laravel/framework/src/Illuminate/Events/Dispatcher.php(358): Illuminate\\Broadcasting\\BroadcastManager->queue(Object(App\\Events\\TableStatusChanged))
#21 /Applications/KSK/IS/ayeyarwady-grill/backend/vendor/laravel/framework/src/Illuminate/Events/Dispatcher.php(281): Illuminate\\Events\\Dispatcher->broadcastEvent(Object(App\\Events\\TableStatusChanged))
#22 /Applications/KSK/IS/ayeyarwady-grill/backend/vendor/laravel/framework/src/Illuminate/Events/Dispatcher.php(267): Illuminate\\Events\\Dispatcher->invokeListeners('App\\\\Events\\\\Tabl...', Array, false)
#23 /Applications/KSK/IS/ayeyarwady-grill/backend/vendor/laravel/framework/src/Illuminate/Broadcasting/PendingBroadcast.php(72): Illuminate\\Events\\Dispatcher->dispatch('App\\\\Events\\\\Tabl...')
#24 /Applications/KSK/IS/ayeyarwady-grill/backend/vendor/laravel/framework/src/Illuminate/Foundation/helpers.php(223): Illuminate\\Broadcasting\\PendingBroadcast->__destruct()
#25 /Applications/KSK/IS/ayeyarwady-grill/backend/app/Http/Controllers/Api/TableController.php(155): broadcast(Object(App\\Events\\TableStatusChanged))
#26 /Applications/KSK/IS/ayeyarwady-grill/backend/vendor/laravel/framework/src/Illuminate/Routing/ControllerDispatcher.php(47): App\\Http\\Controllers\\Api\\TableController->updateStatus(Object(Illuminate\\Http\\Request), '3')
#27 /Applications/KSK/IS/ayeyarwady-grill/backend/vendor/laravel/framework/src/Illuminate/Routing/Route.php(266): Illuminate\\Routing\\ControllerDispatcher->dispatch(Object(Illuminate\\Routing\\Route), Object(App\\Http\\Controllers\\Api\\TableController), 'updateStatus')
#28 /Applications/KSK/IS/ayeyarwady-grill/backend/vendor/laravel/framework/src/Illuminate/Routing/Route.php(212): Illuminate\\Routing\\Route->runController()
#29 /Applications/KSK/IS/ayeyarwady-grill/backend/vendor/laravel/framework/src/Illuminate/Routing/Router.php(808): Illuminate\\Routing\\Route->run()
#30 /Applications/KSK/IS/ayeyarwady-grill/backend/vendor/laravel/framework/src/Illuminate/Pipeline/Pipeline.php(170): Illuminate\\Routing\\Router->{closure:Illuminate\\Routing\\Router::runRouteWithinStack():807}(Object(Illuminate\\Http\\Request))
#31 /Applications/KSK/IS/ayeyarwady-grill/backend/app/Http/Middleware/RoleMiddleware.php(39): Illuminate\\Pipeline\\Pipeline->{closure:Illuminate\\Pipeline\\Pipeline::prepareDestination():168}(Object(Illuminate\\Http\\Request))
#32 /Applications/KSK/IS/ayeyarwady-grill/backend/vendor/laravel/framework/src/Illuminate/Pipeline/Pipeline.php(209): App\\Http\\Middleware\\RoleMiddleware->handle(Object(Illuminate\\Http\\Request), Object(Closure), 'staff', 'admin')
#33 /Applications/KSK/IS/ayeyarwady-grill/backend/vendor/laravel/framework/src/Illuminate/Routing/Middleware/SubstituteBindings.php(51): Illuminate\\Pipeline\\Pipeline->{closure:{closure:Illuminate\\Pipeline\\Pipeline::carry():184}:185}(Object(Illuminate\\Http\\Request))
#34 /Applications/KSK/IS/ayeyarwady-grill/backend/vendor/laravel/framework/src/Illuminate/Pipeline/Pipeline.php(209): Illuminate\\Routing\\Middleware\\SubstituteBindings->handle(Object(Illuminate\\Http\\Request), Object(Closure))
#35 /Applications/KSK/IS/ayeyarwady-grill/backend/vendor/laravel/framework/src/Illuminate/Auth/Middleware/Authenticate.php(64): Illuminate\\Pipeline\\Pipeline->{closure:{closure:Illuminate\\Pipeline\\Pipeline::carry():184}:185}(Object(Illuminate\\Http\\Request))
#36 /Applications/KSK/IS/ayeyarwady-grill/backend/vendor/laravel/framework/src/Illuminate/Pipeline/Pipeline.php(209): Illuminate\\Auth\\Middleware\\Authenticate->handle(Object(Illuminate\\Http\\Request), Object(Closure), 'sanctum')
#37 /Applications/KSK/IS/ayeyarwady-grill/backend/vendor/laravel/framework/src/Illuminate/Pipeline/Pipeline.php(127): Illuminate\\Pipeline\\Pipeline->{closure:{closure:Illuminate\\Pipeline\\Pipeline::carry():184}:185}(Object(Illuminate\\Http\\Request))
#38 /Applications/KSK/IS/ayeyarwady-grill/backend/vendor/laravel/framework/src/Illuminate/Routing/Router.php(807): Illuminate\\Pipeline\\Pipeline->then(Object(Closure))
#39 /Applications/KSK/IS/ayeyarwady-grill/backend/vendor/laravel/framework/src/Illuminate/Routing/Router.php(786): Illuminate\\Routing\\Router->runRouteWithinStack(Object(Illuminate\\Routing\\Route), Object(Illuminate\\Http\\Request))
#40 /Applications/KSK/IS/ayeyarwady-grill/backend/vendor/laravel/framework/src/Illuminate/Routing/Router.php(750): Illuminate\\Routing\\Router->runRoute(Object(Illuminate\\Http\\Request), Object(Illuminate\\Routing\\Route))
#41 /Applications/KSK/IS/ayeyarwady-grill/backend/vendor/laravel/framework/src/Illuminate/Routing/Router.php(739): Illuminate\\Routing\\Router->dispatchToRoute(Object(Illuminate\\Http\\Request))
#42 /Applications/KSK/IS/ayeyarwady-grill/backend/vendor/laravel/framework/src/Illuminate/Foundation/Http/Kernel.php(201): Illuminate\\Routing\\Router->dispatch(Object(Illuminate\\Http\\Request))
#43 /Applications/KSK/IS/ayeyarwady-grill/backend/vendor/laravel/framework/src/Illuminate/Pipeline/Pipeline.php(170): Illuminate\\Foundation\\Http\\Kernel->{closure:Illuminate\\Foundation\\Http\\Kernel::dispatchToRouter():198}(Object(Illuminate\\Http\\Request))
#44 /Applications/KSK/IS/ayeyarwady-grill/backend/vendor/laravel/framework/src/Illuminate/Foundation/Http/Middleware/TransformsRequest.php(21): Illuminate\\Pipeline\\Pipeline->{closure:Illuminate\\Pipeline\\Pipeline::prepareDestination():168}(Object(Illuminate\\Http\\Request))
#45 /Applications/KSK/IS/ayeyarwady-grill/backend/vendor/laravel/framework/src/Illuminate/Foundation/Http/Middleware/ConvertEmptyStringsToNull.php(31): Illuminate\\Foundation\\Http\\Middleware\\TransformsRequest->handle(Object(Illuminate\\Http\\Request), Object(Closure))
#46 /Applications/KSK/IS/ayeyarwady-grill/backend/vendor/laravel/framework/src/Illuminate/Pipeline/Pipeline.php(209): Illuminate\\Foundation\\Http\\Middleware\\ConvertEmptyStringsToNull->handle(Object(Illuminate\\Http\\Request), Object(Closure))
#47 /Applications/KSK/IS/ayeyarwady-grill/backend/vendor/laravel/framework/src/Illuminate/Foundation/Http/Middleware/TransformsRequest.php(21): Illuminate\\Pipeline\\Pipeline->{closure:{closure:Illuminate\\Pipeline\\Pipeline::carry():184}:185}(Object(Illuminate\\Http\\Request))
#48 /Applications/KSK/IS/ayeyarwady-grill/backend/vendor/laravel/framework/src/Illuminate/Foundation/Http/Middleware/TrimStrings.php(51): Illuminate\\Foundation\\Http\\Middleware\\TransformsRequest->handle(Object(Illuminate\\Http\\Request), Object(Closure))
#49 /Applications/KSK/IS/ayeyarwady-grill/backend/vendor/laravel/framework/src/Illuminate/Pipeline/Pipeline.php(209): Illuminate\\Foundation\\Http\\Middleware\\TrimStrings->handle(Object(Illuminate\\Http\\Request), Object(Closure))
#50 /Applications/KSK/IS/ayeyarwady-grill/backend/vendor/laravel/framework/src/Illuminate/Http/Middleware/ValidatePostSize.php(27): Illuminate\\Pipeline\\Pipeline->{closure:{closure:Illuminate\\Pipeline\\Pipeline::carry():184}:185}(Object(Illuminate\\Http\\Request))
#51 /Applications/KSK/IS/ayeyarwady-grill/backend/vendor/laravel/framework/src/Illuminate/Pipeline/Pipeline.php(209): Illuminate\\Http\\Middleware\\ValidatePostSize->handle(Object(Illuminate\\Http\\Request), Object(Closure))
#52 /Applications/KSK/IS/ayeyarwady-grill/backend/vendor/laravel/framework/src/Illuminate/Foundation/Http/Middleware/PreventRequestsDuringMaintenance.php(110): Illuminate\\Pipeline\\Pipeline->{closure:{closure:Illuminate\\Pipeline\\Pipeline::carry():184}:185}(Object(Illuminate\\Http\\Request))
#53 /Applications/KSK/IS/ayeyarwady-grill/backend/vendor/laravel/framework/src/Illuminate/Pipeline/Pipeline.php(209): Illuminate\\Foundation\\Http\\Middleware\\PreventRequestsDuringMaintenance->handle(Object(Illuminate\\Http\\Request), Object(Closure))
#54 /Applications/KSK/IS/ayeyarwady-grill/backend/vendor/laravel/framework/src/Illuminate/Http/Middleware/HandleCors.php(62): Illuminate\\Pipeline\\Pipeline->{closure:{closure:Illuminate\\Pipeline\\Pipeline::carry():184}:185}(Object(Illuminate\\Http\\Request))
#55 /Applications/KSK/IS/ayeyarwady-grill/backend/vendor/laravel/framework/src/Illuminate/Pipeline/Pipeline.php(209): Illuminate\\Http\\Middleware\\HandleCors->handle(Object(Illuminate\\Http\\Request), Object(Closure))
#56 /Applications/KSK/IS/ayeyarwady-grill/backend/vendor/laravel/framework/src/Illuminate/Http/Middleware/TrustProxies.php(58): Illuminate\\Pipeline\\Pipeline->{closure:{closure:Illuminate\\Pipeline\\Pipeline::carry():184}:185}(Object(Illuminate\\Http\\Request))
#57 /Applications/KSK/IS/ayeyarwady-grill/backend/vendor/laravel/framework/src/Illuminate/Pipeline/Pipeline.php(209): Illuminate\\Http\\Middleware\\TrustProxies->handle(Object(Illuminate\\Http\\Request), Object(Closure))
#58 /Applications/KSK/IS/ayeyarwady-grill/backend/vendor/laravel/framework/src/Illuminate/Foundation/Http/Middleware/InvokeDeferredCallbacks.php(22): Illuminate\\Pipeline\\Pipeline->{closure:{closure:Illuminate\\Pipeline\\Pipeline::carry():184}:185}(Object(Illuminate\\Http\\Request))
#59 /Applications/KSK/IS/ayeyarwady-grill/backend/vendor/laravel/framework/src/Illuminate/Pipeline/Pipeline.php(209): Illuminate\\Foundation\\Http\\Middleware\\InvokeDeferredCallbacks->handle(Object(Illuminate\\Http\\Request), Object(Closure))
#60 /Applications/KSK/IS/ayeyarwady-grill/backend/vendor/laravel/framework/src/Illuminate/Pipeline/Pipeline.php(127): Illuminate\\Pipeline\\Pipeline->{closure:{closure:Illuminate\\Pipeline\\Pipeline::carry():184}:185}(Object(Illuminate\\Http\\Request))
#61 /Applications/KSK/IS/ayeyarwady-grill/backend/vendor/laravel/framework/src/Illuminate/Foundation/Http/Kernel.php(176): Illuminate\\Pipeline\\Pipeline->then(Object(Closure))
#62 /Applications/KSK/IS/ayeyarwady-grill/backend/vendor/laravel/framework/src/Illuminate/Foundation/Http/Kernel.php(145): Illuminate\\Foundation\\Http\\Kernel->sendRequestThroughRouter(Object(Illuminate\\Http\\Request))
#63 /Applications/KSK/IS/ayeyarwady-grill/backend/vendor/laravel/framework/src/Illuminate/Foundation/Application.php(1220): Illuminate\\Foundation\\Http\\Kernel->handle(Object(Illuminate\\Http\\Request))
#64 /Applications/KSK/IS/ayeyarwady-grill/backend/public/index.php(21): Illuminate\\Foundation\\Application->handleRequest(Object(Illuminate\\Http\\Request))
#65 /Applications/KSK/IS/ayeyarwady-grill/backend/vendor/laravel/framework/src/Illuminate/Foundation/resources/server.php(23): require_once('/Applications/K...')
#66 {main}
"} 
[2026-09-02 23:11:39] local.ERROR: Pusher error: cURL error 7: Failed to connect to localhost port 8080 after 0 ms: Could not connect to server (see https://curl.se/libcurl/c/libcurl-errors.html) for http://localhost:8080/apps/ayeyarwady-grill/events?auth_key=local-reverb-key&auth_timestamp=1788367299&auth_version=1.0&body_md5=bbe83c510321977d9cae42fa41f91ec8&auth_signature=10a81694ada97c731c853976ef7894b9280c0c3e1741676f30587d8ef6832543. {"exception":"[object] (Illuminate\\Broadcasting\\BroadcastException(code: 0): Pusher error: cURL error 7: Failed to connect to localhost port 8080 after 0 ms: Could not connect to server (see https://curl.se/libcurl/c/libcurl-errors.html) for http://localhost:8080/apps/ayeyarwady-grill/events?auth_key=local-reverb-key&auth_timestamp=1788367299&auth_version=1.0&body_md5=bbe83c510321977d9cae42fa41f91ec8&auth_signature=10a81694ada97c731c853976ef7894b9280c0c3e1741676f30587d8ef6832543. at /Applications/KSK/IS/ayeyarwady-grill/backend/vendor/laravel/framework/src/Illuminate/Broadcasting/Broadcasters/PusherBroadcaster.php:164)
[stacktrace]
#0 /Applications/KSK/IS/ayeyarwady-grill/backend/vendor/laravel/framework/src/Illuminate/Broadcasting/BroadcastEvent.php(93): Illuminate\\Broadcasting\\Broadcasters\\PusherBroadcaster->broadcast(Object(Illuminate\\Support\\Collection), 'table.status-ch...', Array)
#1 /Applications/KSK/IS/ayeyarwady-grill/backend/vendor/laravel/framework/src/Illuminate/Container/BoundMethod.php(36): Illuminate\\Broadcasting\\BroadcastEvent->handle(Object(Illuminate\\Broadcasting\\BroadcastManager))
#2 /Applications/KSK/IS/ayeyarwady-grill/backend/vendor/laravel/framework/src/Illuminate/Container/Util.php(43): Illuminate\\Container\\BoundMethod::{closure:Illuminate\\Container\\BoundMethod::call():35}()
#3 /Applications/KSK/IS/ayeyarwady-grill/backend/vendor/laravel/framework/src/Illuminate/Container/BoundMethod.php(95): Illuminate\\Container\\Util::unwrapIfClosure(Object(Closure))
#4 /Applications/KSK/IS/ayeyarwady-grill/backend/vendor/laravel/framework/src/Illuminate/Container/BoundMethod.php(35): Illuminate\\Container\\BoundMethod::callBoundMethod(Object(Illuminate\\Foundation\\Application), Array, Object(Closure))
#5 /Applications/KSK/IS/ayeyarwady-grill/backend/vendor/laravel/framework/src/Illuminate/Container/Container.php(696): Illuminate\\Container\\BoundMethod::call(Object(Illuminate\\Foundation\\Application), Array, Array, NULL)
#6 /Applications/KSK/IS/ayeyarwady-grill/backend/vendor/laravel/framework/src/Illuminate/Bus/Dispatcher.php(126): Illuminate\\Container\\Container->call(Array)
#7 /Applications/KSK/IS/ayeyarwady-grill/backend/vendor/laravel/framework/src/Illuminate/Pipeline/Pipeline.php(170): Illuminate\\Bus\\Dispatcher->{closure:Illuminate\\Bus\\Dispatcher::dispatchNow():123}(Object(Illuminate\\Broadcasting\\BroadcastEvent))
#8 /Applications/KSK/IS/ayeyarwady-grill/backend/vendor/laravel/framework/src/Illuminate/Pipeline/Pipeline.php(127): Illuminate\\Pipeline\\Pipeline->{closure:Illuminate\\Pipeline\\Pipeline::prepareDestination():168}(Object(Illuminate\\Broadcasting\\BroadcastEvent))
#9 /Applications/KSK/IS/ayeyarwady-grill/backend/vendor/laravel/framework/src/Illuminate/Bus/Dispatcher.php(130): Illuminate\\Pipeline\\Pipeline->then(Object(Closure))
#10 /Applications/KSK/IS/ayeyarwady-grill/backend/vendor/laravel/framework/src/Illuminate/Queue/CallQueuedHandler.php(126): Illuminate\\Bus\\Dispatcher->dispatchNow(Object(Illuminate\\Broadcasting\\BroadcastEvent), false)
#11 /Applications/KSK/IS/ayeyarwady-grill/backend/vendor/laravel/framework/src/Illuminate/Pipeline/Pipeline.php(170): Illuminate\\Queue\\CallQueuedHandler->{closure:Illuminate\\Queue\\CallQueuedHandler::dispatchThroughMiddleware():121}(Object(Illuminate\\Broadcasting\\BroadcastEvent))
#12 /Applications/KSK/IS/ayeyarwady-grill/backend/vendor/laravel/framework/src/Illuminate/Pipeline/Pipeline.php(127): Illuminate\\Pipeline\\Pipeline->{closure:Illuminate\\Pipeline\\Pipeline::prepareDestination():168}(Object(Illuminate\\Broadcasting\\BroadcastEvent))
#13 /Applications/KSK/IS/ayeyarwady-grill/backend/vendor/laravel/framework/src/Illuminate/Queue/CallQueuedHandler.php(121): Illuminate\\Pipeline\\Pipeline->then(Object(Closure))
#14 /Applications/KSK/IS/ayeyarwady-grill/backend/vendor/laravel/framework/src/Illuminate/Queue/CallQueuedHandler.php(69): Illuminate\\Queue\\CallQueuedHandler->dispatchThroughMiddleware(Object(Illuminate\\Queue\\Jobs\\SyncJob), Object(Illuminate\\Broadcasting\\BroadcastEvent))
#15 /Applications/KSK/IS/ayeyarwady-grill/backend/vendor/laravel/framework/src/Illuminate/Queue/Jobs/Job.php(102): Illuminate\\Queue\\CallQueuedHandler->call(Object(Illuminate\\Queue\\Jobs\\SyncJob), Array)
#16 /Applications/KSK/IS/ayeyarwady-grill/backend/vendor/laravel/framework/src/Illuminate/Queue/SyncQueue.php(76): Illuminate\\Queue\\Jobs\\Job->fire()
#17 /Applications/KSK/IS/ayeyarwady-grill/backend/vendor/laravel/framework/src/Illuminate/Queue/SyncQueue.php(56): Illuminate\\Queue\\SyncQueue->executeJob(Object(Illuminate\\Broadcasting\\BroadcastEvent), '', NULL)
#18 /Applications/KSK/IS/ayeyarwady-grill/backend/vendor/laravel/framework/src/Illuminate/Queue/Queue.php(59): Illuminate\\Queue\\SyncQueue->push(Object(Illuminate\\Broadcasting\\BroadcastEvent), '', NULL)
#19 /Applications/KSK/IS/ayeyarwady-grill/backend/vendor/laravel/framework/src/Illuminate/Broadcasting/BroadcastManager.php(207): Illuminate\\Queue\\Queue->pushOn(NULL, Object(Illuminate\\Broadcasting\\BroadcastEvent))
#20 /Applications/KSK/IS/ayeyarwady-grill/backend/vendor/laravel/framework/src/Illuminate/Events/Dispatcher.php(358): Illuminate\\Broadcasting\\BroadcastManager->queue(Object(App\\Events\\TableStatusChanged))
#21 /Applications/KSK/IS/ayeyarwady-grill/backend/vendor/laravel/framework/src/Illuminate/Events/Dispatcher.php(281): Illuminate\\Events\\Dispatcher->broadcastEvent(Object(App\\Events\\TableStatusChanged))
#22 /Applications/KSK/IS/ayeyarwady-grill/backend/vendor/laravel/framework/src/Illuminate/Events/Dispatcher.php(267): Illuminate\\Events\\Dispatcher->invokeListeners('App\\\\Events\\\\Tabl...', Array, false)
#23 /Applications/KSK/IS/ayeyarwady-grill/backend/vendor/laravel/framework/src/Illuminate/Broadcasting/PendingBroadcast.php(72): Illuminate\\Events\\Dispatcher->dispatch('App\\\\Events\\\\Tabl...')
#24 /Applications/KSK/IS/ayeyarwady-grill/backend/vendor/laravel/framework/src/Illuminate/Foundation/helpers.php(223): Illuminate\\Broadcasting\\PendingBroadcast->__destruct()
#25 /Applications/KSK/IS/ayeyarwady-grill/backend/app/Http/Controllers/Api/TableController.php(72): broadcast(Object(App\\Events\\TableStatusChanged))
#26 /Applications/KSK/IS/ayeyarwady-grill/backend/vendor/laravel/framework/src/Illuminate/Routing/ControllerDispatcher.php(47): App\\Http\\Controllers\\Api\\TableController->verifyQr(Object(Illuminate\\Http\\Request))
#27 /Applications/KSK/IS/ayeyarwady-grill/backend/vendor/laravel/framework/src/Illuminate/Routing/Route.php(266): Illuminate\\Routing\\ControllerDispatcher->dispatch(Object(Illuminate\\Routing\\Route), Object(App\\Http\\Controllers\\Api\\TableController), 'verifyQr')
#28 /Applications/KSK/IS/ayeyarwady-grill/backend/vendor/laravel/framework/src/Illuminate/Routing/Route.php(212): Illuminate\\Routing\\Route->runController()
#29 /Applications/KSK/IS/ayeyarwady-grill/backend/vendor/laravel/framework/src/Illuminate/Routing/Router.php(808): Illuminate\\Routing\\Route->run()
#30 /Applications/KSK/IS/ayeyarwady-grill/backend/vendor/laravel/framework/src/Illuminate/Pipeline/Pipeline.php(170): Illuminate\\Routing\\Router->{closure:Illuminate\\Routing\\Router::runRouteWithinStack():807}(Object(Illuminate\\Http\\Request))
#31 /Applications/KSK/IS/ayeyarwady-grill/backend/vendor/laravel/framework/src/Illuminate/Routing/Middleware/SubstituteBindings.php(51): Illuminate\\Pipeline\\Pipeline->{closure:Illuminate\\Pipeline\\Pipeline::prepareDestination():168}(Object(Illuminate\\Http\\Request))
#32 /Applications/KSK/IS/ayeyarwady-grill/backend/vendor/laravel/framework/src/Illuminate/Pipeline/Pipeline.php(209): Illuminate\\Routing\\Middleware\\SubstituteBindings->handle(Object(Illuminate\\Http\\Request), Object(Closure))
#33 /Applications/KSK/IS/ayeyarwady-grill/backend/vendor/laravel/framework/src/Illuminate/Pipeline/Pipeline.php(127): Illuminate\\Pipeline\\Pipeline->{closure:{closure:Illuminate\\Pipeline\\Pipeline::carry():184}:185}(Object(Illuminate\\Http\\Request))
#34 /Applications/KSK/IS/ayeyarwady-grill/backend/vendor/laravel/framework/src/Illuminate/Routing/Router.php(807): Illuminate\\Pipeline\\Pipeline->then(Object(Closure))
#35 /Applications/KSK/IS/ayeyarwady-grill/backend/vendor/laravel/framework/src/Illuminate/Routing/Router.php(786): Illuminate\\Routing\\Router->runRouteWithinStack(Object(Illuminate\\Routing\\Route), Object(Illuminate\\Http\\Request))
#36 /Applications/KSK/IS/ayeyarwady-grill/backend/vendor/laravel/framework/src/Illuminate/Routing/Router.php(750): Illuminate\\Routing\\Router->runRoute(Object(Illuminate\\Http\\Request), Object(Illuminate\\Routing\\Route))
#37 /Applications/KSK/IS/ayeyarwady-grill/backend/vendor/laravel/framework/src/Illuminate/Routing/Router.php(739): Illuminate\\Routing\\Router->dispatchToRoute(Object(Illuminate\\Http\\Request))
#38 /Applications/KSK/IS/ayeyarwady-grill/backend/vendor/laravel/framework/src/Illuminate/Foundation/Http/Kernel.php(201): Illuminate\\Routing\\Router->dispatch(Object(Illuminate\\Http\\Request))
#39 /Applications/KSK/IS/ayeyarwady-grill/backend/vendor/laravel/framework/src/Illuminate/Pipeline/Pipeline.php(170): Illuminate\\Foundation\\Http\\Kernel->{closure:Illuminate\\Foundation\\Http\\Kernel::dispatchToRouter():198}(Object(Illuminate\\Http\\Request))
#40 /Applications/KSK/IS/ayeyarwady-grill/backend/vendor/laravel/framework/src/Illuminate/Foundation/Http/Middleware/TransformsRequest.php(21): Illuminate\\Pipeline\\Pipeline->{closure:Illuminate\\Pipeline\\Pipeline::prepareDestination():168}(Object(Illuminate\\Http\\Request))
#41 /Applications/KSK/IS/ayeyarwady-grill/backend/vendor/laravel/framework/src/Illuminate/Foundation/Http/Middleware/ConvertEmptyStringsToNull.php(31): Illuminate\\Foundation\\Http\\Middleware\\TransformsRequest->handle(Object(Illuminate\\Http\\Request), Object(Closure))
#42 /Applications/KSK/IS/ayeyarwady-grill/backend/vendor/laravel/framework/src/Illuminate/Pipeline/Pipeline.php(209): Illuminate\\Foundation\\Http\\Middleware\\ConvertEmptyStringsToNull->handle(Object(Illuminate\\Http\\Request), Object(Closure))
#43 /Applications/KSK/IS/ayeyarwady-grill/backend/vendor/laravel/framework/src/Illuminate/Foundation/Http/Middleware/TransformsRequest.php(21): Illuminate\\Pipeline\\Pipeline->{closure:{closure:Illuminate\\Pipeline\\Pipeline::carry():184}:185}(Object(Illuminate\\Http\\Request))
#44 /Applications/KSK/IS/ayeyarwady-grill/backend/vendor/laravel/framework/src/Illuminate/Foundation/Http/Middleware/TrimStrings.php(51): Illuminate\\Foundation\\Http\\Middleware\\TransformsRequest->handle(Object(Illuminate\\Http\\Request), Object(Closure))
#45 /Applications/KSK/IS/ayeyarwady-grill/backend/vendor/laravel/framework/src/Illuminate/Pipeline/Pipeline.php(209): Illuminate\\Foundation\\Http\\Middleware\\TrimStrings->handle(Object(Illuminate\\Http\\Request), Object(Closure))
#46 /Applications/KSK/IS/ayeyarwady-grill/backend/vendor/laravel/framework/src/Illuminate/Http/Middleware/ValidatePostSize.php(27): Illuminate\\Pipeline\\Pipeline->{closure:{closure:Illuminate\\Pipeline\\Pipeline::carry():184}:185}(Object(Illuminate\\Http\\Request))
#47 /Applications/KSK/IS/ayeyarwady-grill/backend/vendor/laravel/framework/src/Illuminate/Pipeline/Pipeline.php(209): Illuminate\\Http\\Middleware\\ValidatePostSize->handle(Object(Illuminate\\Http\\Request), Object(Closure))
#48 /Applications/KSK/IS/ayeyarwady-grill/backend/vendor/laravel/framework/src/Illuminate/Foundation/Http/Middleware/PreventRequestsDuringMaintenance.php(110): Illuminate\\Pipeline\\Pipeline->{closure:{closure:Illuminate\\Pipeline\\Pipeline::carry():184}:185}(Object(Illuminate\\Http\\Request))
#49 /Applications/KSK/IS/ayeyarwady-grill/backend/vendor/laravel/framework/src/Illuminate/Pipeline/Pipeline.php(209): Illuminate\\Foundation\\Http\\Middleware\\PreventRequestsDuringMaintenance->handle(Object(Illuminate\\Http\\Request), Object(Closure))
#50 /Applications/KSK/IS/ayeyarwady-grill/backend/vendor/laravel/framework/src/Illuminate/Http/Middleware/HandleCors.php(62): Illuminate\\Pipeline\\Pipeline->{closure:{closure:Illuminate\\Pipeline\\Pipeline::carry():184}:185}(Object(Illuminate\\Http\\Request))
#51 /Applications/KSK/IS/ayeyarwady-grill/backend/vendor/laravel/framework/src/Illuminate/Pipeline/Pipeline.php(209): Illuminate\\Http\\Middleware\\HandleCors->handle(Object(Illuminate\\Http\\Request), Object(Closure))
#52 /Applications/KSK/IS/ayeyarwady-grill/backend/vendor/laravel/framework/src/Illuminate/Http/Middleware/TrustProxies.php(58): Illuminate\\Pipeline\\Pipeline->{closure:{closure:Illuminate\\Pipeline\\Pipeline::carry():184}:185}(Object(Illuminate\\Http\\Request))
#53 /Applications/KSK/IS/ayeyarwady-grill/backend/vendor/laravel/framework/src/Illuminate/Pipeline/Pipeline.php(209): Illuminate\\Http\\Middleware\\TrustProxies->handle(Object(Illuminate\\Http\\Request), Object(Closure))
#54 /Applications/KSK/IS/ayeyarwady-grill/backend/vendor/laravel/framework/src/Illuminate/Foundation/Http/Middleware/InvokeDeferredCallbacks.php(22): Illuminate\\Pipeline\\Pipeline->{closure:{closure:Illuminate\\Pipeline\\Pipeline::carry():184}:185}(Object(Illuminate\\Http\\Request))
#55 /Applications/KSK/IS/ayeyarwady-grill/backend/vendor/laravel/framework/src/Illuminate/Pipeline/Pipeline.php(209): Illuminate\\Foundation\\Http\\Middleware\\InvokeDeferredCallbacks->handle(Object(Illuminate\\Http\\Request), Object(Closure))
#56 /Applications/KSK/IS/ayeyarwady-grill/backend/vendor/laravel/framework/src/Illuminate/Pipeline/Pipeline.php(127): Illuminate\\Pipeline\\Pipeline->{closure:{closure:Illuminate\\Pipeline\\Pipeline::carry():184}:185}(Object(Illuminate\\Http\\Request))
#57 /Applications/KSK/IS/ayeyarwady-grill/backend/vendor/laravel/framework/src/Illuminate/Foundation/Http/Kernel.php(176): Illuminate\\Pipeline\\Pipeline->then(Object(Closure))
#58 /Applications/KSK/IS/ayeyarwady-grill/backend/vendor/laravel/framework/src/Illuminate/Foundation/Http/Kernel.php(145): Illuminate\\Foundation\\Http\\Kernel->sendRequestThroughRouter(Object(Illuminate\\Http\\Request))
#59 /Applications/KSK/IS/ayeyarwady-grill/backend/vendor/laravel/framework/src/Illuminate/Foundation/Application.php(1220): Illuminate\\Foundation\\Http\\Kernel->handle(Object(Illuminate\\Http\\Request))
#60 /Applications/KSK/IS/ayeyarwady-grill/backend/public/index.php(21): Illuminate\\Foundation\\Application->handleRequest(Object(Illuminate\\Http\\Request))
#61 /Applications/KSK/IS/ayeyarwady-grill/backend/vendor/laravel/framework/src/Illuminate/Foundation/resources/server.php(23): require_once('/Applications/K...')
#62 {main}
"} 
[2026-09-02 23:13:10] local.WARNING: Broadcast failed for App\Events\TableStatusChanged: Pusher error: cURL error 7: Failed to connect to localhost port 8080 after 0 ms: Could not connect to server (see https://curl.se/libcurl/c/libcurl-errors.html) for http://localhost:8080/apps/ayeyarwady-grill/events?auth_key=local-reverb-key&auth_timestamp=1788367390&auth_version=1.0&body_md5=950e7f8ce17d314b1b17e2a0552f1dd9&auth_signature=308dfdd5b98271662e28525e6d7f2714b3489d951bd186c09c9a0030b33764af.  
[2026-09-02 23:13:10] local.WARNING: Broadcast failed for App\Events\TableStatusChanged: Pusher error: cURL error 7: Failed to connect to localhost port 8080 after 0 ms: Could not connect to server (see https://curl.se/libcurl/c/libcurl-errors.html) for http://localhost:8080/apps/ayeyarwady-grill/events?auth_key=local-reverb-key&auth_timestamp=1788367390&auth_version=1.0&body_md5=cfc24b1899323e16beb3ba6c0587f6c1&auth_signature=61e5abe8b2ac3fe8904264f3dba22580b074c6d5c436a4df75dd7ce6b6ae8988.  
[2026-09-02 23:13:19] local.WARNING: Broadcast failed for App\Events\TableStatusChanged: Pusher error: cURL error 7: Failed to connect to localhost port 8080 after 0 ms: Could not connect to server (see https://curl.se/libcurl/c/libcurl-errors.html) for http://localhost:8080/apps/ayeyarwady-grill/events?auth_key=local-reverb-key&auth_timestamp=1788367399&auth_version=1.0&body_md5=d0a7e9b16c5f3da855b4b5cafbdd2b2b&auth_signature=96edd7b99dae3b071d8f4388250a04f7e08aa00cfbe19f4d0d1b0b599c23ad0c.  
[2026-09-02 23:13:19] local.WARNING: Broadcast failed for App\Events\OrderCreated: Pusher error: cURL error 7: Failed to connect to localhost port 8080 after 0 ms: Could not connect to server (see https://curl.se/libcurl/c/libcurl-errors.html) for http://localhost:8080/apps/ayeyarwady-grill/events?auth_key=local-reverb-key&auth_timestamp=1788367399&auth_version=1.0&body_md5=43cac0f1dd811137cea95cf78150b46d&auth_signature=9cc79127c9913555e2062f618d506bce4454a32e335ba6094a7cac924c1fc80e.  
[2026-09-02 23:14:16] local.WARNING: Broadcast failed for App\Events\TableStatusChanged: Pusher error: cURL error 7: Failed to connect to localhost port 8080 after 0 ms: Could not connect to server (see https://curl.se/libcurl/c/libcurl-errors.html) for http://localhost:8080/apps/ayeyarwady-grill/events?auth_key=local-reverb-key&auth_timestamp=1788367456&auth_version=1.0&body_md5=0c8421057cce2a8d25fd114cab10a55c&auth_signature=a4fe7347909421db57ae276cee6a0ee21b7b29726b7517b6702136c1ea50c74b.  
[2026-09-03 01:16:41] local.WARNING: Broadcast failed for App\Events\BookingCreated: Pusher error: cURL error 7: Failed to connect to localhost port 8080 after 0 ms: Could not connect to server (see https://curl.se/libcurl/c/libcurl-errors.html) for http://localhost:8080/apps/ayeyarwady-grill/events?auth_key=local-reverb-key&auth_timestamp=1788374801&auth_version=1.0&body_md5=79b3950fc688cc85ce4e839f54581a43&auth_signature=1508a4c8204d974f2ac0bb9e7997e8f1800a64d1c97fc1a1ee88ae2f0978e4af.  
[2026-09-09 14:08:25] local.ERROR: Route [login] not defined. {"exception":"[object] (Symfony\\Component\\Routing\\Exception\\RouteNotFoundException(code: 0): Route [login] not defined. at /Applications/KSK/IS/ayeyarwady-grill/backend/vendor/laravel/framework/src/Illuminate/Routing/UrlGenerator.php:517)
[stacktrace]
#0 /Applications/KSK/IS/ayeyarwady-grill/backend/vendor/laravel/framework/src/Illuminate/Foundation/helpers.php(853): Illuminate\\Routing\\UrlGenerator->route('login', Array, true)
#1 /Applications/KSK/IS/ayeyarwady-grill/backend/vendor/laravel/framework/src/Illuminate/Foundation/Configuration/ApplicationBuilder.php(278): route('login')
#2 [internal function]: Illuminate\\Foundation\\Configuration\\ApplicationBuilder->{closure:{closure:Illuminate\\Foundation\\Configuration\\ApplicationBuilder::withMiddleware():276}:278}(Object(Illuminate\\Http\\Request))
#3 /Applications/KSK/IS/ayeyarwady-grill/backend/vendor/laravel/framework/src/Illuminate/Auth/Middleware/Authenticate.php(118): call_user_func(Object(Closure), Object(Illuminate\\Http\\Request))
#4 /Applications/KSK/IS/ayeyarwady-grill/backend/vendor/laravel/framework/src/Illuminate/Auth/Middleware/Authenticate.php(105): Illuminate\\Auth\\Middleware\\Authenticate->redirectTo(Object(Illuminate\\Http\\Request))
#5 /Applications/KSK/IS/ayeyarwady-grill/backend/vendor/laravel/framework/src/Illuminate/Auth/Middleware/Authenticate.php(88): Illuminate\\Auth\\Middleware\\Authenticate->unauthenticated(Object(Illuminate\\Http\\Request), Array)
#6 /Applications/KSK/IS/ayeyarwady-grill/backend/vendor/laravel/framework/src/Illuminate/Auth/Middleware/Authenticate.php(62): Illuminate\\Auth\\Middleware\\Authenticate->authenticate(Object(Illuminate\\Http\\Request), Array)
#7 /Applications/KSK/IS/ayeyarwady-grill/backend/vendor/laravel/framework/src/Illuminate/Pipeline/Pipeline.php(209): Illuminate\\Auth\\Middleware\\Authenticate->handle(Object(Illuminate\\Http\\Request), Object(Closure), 'sanctum')
#8 /Applications/KSK/IS/ayeyarwady-grill/backend/vendor/laravel/framework/src/Illuminate/Pipeline/Pipeline.php(127): Illuminate\\Pipeline\\Pipeline->{closure:{closure:Illuminate\\Pipeline\\Pipeline::carry():184}:185}(Object(Illuminate\\Http\\Request))
#9 /Applications/KSK/IS/ayeyarwady-grill/backend/vendor/laravel/framework/src/Illuminate/Routing/Router.php(807): Illuminate\\Pipeline\\Pipeline->then(Object(Closure))
#10 /Applications/KSK/IS/ayeyarwady-grill/backend/vendor/laravel/framework/src/Illuminate/Routing/Router.php(786): Illuminate\\Routing\\Router->runRouteWithinStack(Object(Illuminate\\Routing\\Route), Object(Illuminate\\Http\\Request))
#11 /Applications/KSK/IS/ayeyarwady-grill/backend/vendor/laravel/framework/src/Illuminate/Routing/Router.php(750): Illuminate\\Routing\\Router->runRoute(Object(Illuminate\\Http\\Request), Object(Illuminate\\Routing\\Route))
#12 /Applications/KSK/IS/ayeyarwady-grill/backend/vendor/laravel/framework/src/Illuminate/Routing/Router.php(739): Illuminate\\Routing\\Router->dispatchToRoute(Object(Illuminate\\Http\\Request))
#13 /Applications/KSK/IS/ayeyarwady-grill/backend/vendor/laravel/framework/src/Illuminate/Foundation/Http/Kernel.php(201): Illuminate\\Routing\\Router->dispatch(Object(Illuminate\\Http\\Request))
#14 /Applications/KSK/IS/ayeyarwady-grill/backend/vendor/laravel/framework/src/Illuminate/Pipeline/Pipeline.php(170): Illuminate\\Foundation\\Http\\Kernel->{closure:Illuminate\\Foundation\\Http\\Kernel::dispatchToRouter():198}(Object(Illuminate\\Http\\Request))
#15 /Applications/KSK/IS/ayeyarwady-grill/backend/vendor/laravel/framework/src/Illuminate/Foundation/Http/Middleware/TransformsRequest.php(21): Illuminate\\Pipeline\\Pipeline->{closure:Illuminate\\Pipeline\\Pipeline::prepareDestination():168}(Object(Illuminate\\Http\\Request))
#16 /Applications/KSK/IS/ayeyarwady-grill/backend/vendor/laravel/framework/src/Illuminate/Foundation/Http/Middleware/ConvertEmptyStringsToNull.php(31): Illuminate\\Foundation\\Http\\Middleware\\TransformsRequest->handle(Object(Illuminate\\Http\\Request), Object(Closure))
#17 /Applications/KSK/IS/ayeyarwady-grill/backend/vendor/laravel/framework/src/Illuminate/Pipeline/Pipeline.php(209): Illuminate\\Foundation\\Http\\Middleware\\ConvertEmptyStringsToNull->handle(Object(Illuminate\\Http\\Request), Object(Closure))
#18 /Applications/KSK/IS/ayeyarwady-grill/backend/vendor/laravel/framework/src/Illuminate/Foundation/Http/Middleware/TransformsRequest.php(21): Illuminate\\Pipeline\\Pipeline->{closure:{closure:Illuminate\\Pipeline\\Pipeline::carry():184}:185}(Object(Illuminate\\Http\\Request))
#19 /Applications/KSK/IS/ayeyarwady-grill/backend/vendor/laravel/framework/src/Illuminate/Foundation/Http/Middleware/TrimStrings.php(51): Illuminate\\Foundation\\Http\\Middleware\\TransformsRequest->handle(Object(Illuminate\\Http\\Request), Object(Closure))
#20 /Applications/KSK/IS/ayeyarwady-grill/backend/vendor/laravel/framework/src/Illuminate/Pipeline/Pipeline.php(209): Illuminate\\Foundation\\Http\\Middleware\\TrimStrings->handle(Object(Illuminate\\Http\\Request), Object(Closure))
#21 /Applications/KSK/IS/ayeyarwady-grill/backend/vendor/laravel/framework/src/Illuminate/Http/Middleware/ValidatePostSize.php(27): Illuminate\\Pipeline\\Pipeline->{closure:{closure:Illuminate\\Pipeline\\Pipeline::carry():184}:185}(Object(Illuminate\\Http\\Request))
#22 /Applications/KSK/IS/ayeyarwady-grill/backend/vendor/laravel/framework/src/Illuminate/Pipeline/Pipeline.php(209): Illuminate\\Http\\Middleware\\ValidatePostSize->handle(Object(Illuminate\\Http\\Request), Object(Closure))
#23 /Applications/KSK/IS/ayeyarwady-grill/backend/vendor/laravel/framework/src/Illuminate/Foundation/Http/Middleware/PreventRequestsDuringMaintenance.php(110): Illuminate\\Pipeline\\Pipeline->{closure:{closure:Illuminate\\Pipeline\\Pipeline::carry():184}:185}(Object(Illuminate\\Http\\Request))
#24 /Applications/KSK/IS/ayeyarwady-grill/backend/vendor/laravel/framework/src/Illuminate/Pipeline/Pipeline.php(209): Illuminate\\Foundation\\Http\\Middleware\\PreventRequestsDuringMaintenance->handle(Object(Illuminate\\Http\\Request), Object(Closure))
#25 /Applications/KSK/IS/ayeyarwady-grill/backend/vendor/laravel/framework/src/Illuminate/Http/Middleware/HandleCors.php(62): Illuminate\\Pipeline\\Pipeline->{closure:{closure:Illuminate\\Pipeline\\Pipeline::carry():184}:185}(Object(Illuminate\\Http\\Request))
#26 /Applications/KSK/IS/ayeyarwady-grill/backend/vendor/laravel/framework/src/Illuminate/Pipeline/Pipeline.php(209): Illuminate\\Http\\Middleware\\HandleCors->handle(Object(Illuminate\\Http\\Request), Object(Closure))
#27 /Applications/KSK/IS/ayeyarwady-grill/backend/vendor/laravel/framework/src/Illuminate/Http/Middleware/TrustProxies.php(58): Illuminate\\Pipeline\\Pipeline->{closure:{closure:Illuminate\\Pipeline\\Pipeline::carry():184}:185}(Object(Illuminate\\Http\\Request))
#28 /Applications/KSK/IS/ayeyarwady-grill/backend/vendor/laravel/framework/src/Illuminate/Pipeline/Pipeline.php(209): Illuminate\\Http\\Middleware\\TrustProxies->handle(Object(Illuminate\\Http\\Request), Object(Closure))
#29 /Applications/KSK/IS/ayeyarwady-grill/backend/vendor/laravel/framework/src/Illuminate/Foundation/Http/Middleware/InvokeDeferredCallbacks.php(22): Illuminate\\Pipeline\\Pipeline->{closure:{closure:Illuminate\\Pipeline\\Pipeline::carry():184}:185}(Object(Illuminate\\Http\\Request))
#30 /Applications/KSK/IS/ayeyarwady-grill/backend/vendor/laravel/framework/src/Illuminate/Pipeline/Pipeline.php(209): Illuminate\\Foundation\\Http\\Middleware\\InvokeDeferredCallbacks->handle(Object(Illuminate\\Http\\Request), Object(Closure))
#31 /Applications/KSK/IS/ayeyarwady-grill/backend/vendor/laravel/framework/src/Illuminate/Pipeline/Pipeline.php(127): Illuminate\\Pipeline\\Pipeline->{closure:{closure:Illuminate\\Pipeline\\Pipeline::carry():184}:185}(Object(Illuminate\\Http\\Request))
#32 /Applications/KSK/IS/ayeyarwady-grill/backend/vendor/laravel/framework/src/Illuminate/Foundation/Http/Kernel.php(176): Illuminate\\Pipeline\\Pipeline->then(Object(Closure))
#33 /Applications/KSK/IS/ayeyarwady-grill/backend/vendor/laravel/framework/src/Illuminate/Foundation/Http/Kernel.php(145): Illuminate\\Foundation\\Http\\Kernel->sendRequestThroughRouter(Object(Illuminate\\Http\\Request))
#34 /Applications/KSK/IS/ayeyarwady-grill/backend/vendor/laravel/framework/src/Illuminate/Foundation/Application.php(1220): Illuminate\\Foundation\\Http\\Kernel->handle(Object(Illuminate\\Http\\Request))
#35 /Applications/KSK/IS/ayeyarwady-grill/backend/public/index.php(21): Illuminate\\Foundation\\Application->handleRequest(Object(Illuminate\\Http\\Request))
#36 /Applications/KSK/IS/ayeyarwady-grill/backend/vendor/laravel/framework/src/Illuminate/Foundation/resources/server.php(23): require_once('/Applications/K...')
#37 {main}
"} 
[2026-09-09 14:08:46] local.ERROR: Route [login] not defined. {"exception":"[object] (Symfony\\Component\\Routing\\Exception\\RouteNotFoundException(code: 0): Route [login] not defined. at /Applications/KSK/IS/ayeyarwady-grill/backend/vendor/laravel/framework/src/Illuminate/Routing/UrlGenerator.php:517)
[stacktrace]
#0 /Applications/KSK/IS/ayeyarwady-grill/backend/vendor/laravel/framework/src/Illuminate/Foundation/helpers.php(853): Illuminate\\Routing\\UrlGenerator->route('login', Array, true)
#1 /Applications/KSK/IS/ayeyarwady-grill/backend/vendor/laravel/framework/src/Illuminate/Foundation/Configuration/ApplicationBuilder.php(278): route('login')
#2 [internal function]: Illuminate\\Foundation\\Configuration\\ApplicationBuilder->{closure:{closure:Illuminate\\Foundation\\Configuration\\ApplicationBuilder::withMiddleware():276}:278}(Object(Illuminate\\Http\\Request))
#3 /Applications/KSK/IS/ayeyarwady-grill/backend/vendor/laravel/framework/src/Illuminate/Auth/Middleware/Authenticate.php(118): call_user_func(Object(Closure), Object(Illuminate\\Http\\Request))
#4 /Applications/KSK/IS/ayeyarwady-grill/backend/vendor/laravel/framework/src/Illuminate/Auth/Middleware/Authenticate.php(105): Illuminate\\Auth\\Middleware\\Authenticate->redirectTo(Object(Illuminate\\Http\\Request))
#5 /Applications/KSK/IS/ayeyarwady-grill/backend/vendor/laravel/framework/src/Illuminate/Auth/Middleware/Authenticate.php(88): Illuminate\\Auth\\Middleware\\Authenticate->unauthenticated(Object(Illuminate\\Http\\Request), Array)
#6 /Applications/KSK/IS/ayeyarwady-grill/backend/vendor/laravel/framework/src/Illuminate/Auth/Middleware/Authenticate.php(62): Illuminate\\Auth\\Middleware\\Authenticate->authenticate(Object(Illuminate\\Http\\Request), Array)
#7 /Applications/KSK/IS/ayeyarwady-grill/backend/vendor/laravel/framework/src/Illuminate/Pipeline/Pipeline.php(209): Illuminate\\Auth\\Middleware\\Authenticate->handle(Object(Illuminate\\Http\\Request), Object(Closure), 'sanctum')
#8 /Applications/KSK/IS/ayeyarwady-grill/backend/vendor/laravel/framework/src/Illuminate/Pipeline/Pipeline.php(127): Illuminate\\Pipeline\\Pipeline->{closure:{closure:Illuminate\\Pipeline\\Pipeline::carry():184}:185}(Object(Illuminate\\Http\\Request))
#9 /Applications/KSK/IS/ayeyarwady-grill/backend/vendor/laravel/framework/src/Illuminate/Routing/Router.php(807): Illuminate\\Pipeline\\Pipeline->then(Object(Closure))
#10 /Applications/KSK/IS/ayeyarwady-grill/backend/vendor/laravel/framework/src/Illuminate/Routing/Router.php(786): Illuminate\\Routing\\Router->runRouteWithinStack(Object(Illuminate\\Routing\\Route), Object(Illuminate\\Http\\Request))
#11 /Applications/KSK/IS/ayeyarwady-grill/backend/vendor/laravel/framework/src/Illuminate/Routing/Router.php(750): Illuminate\\Routing\\Router->runRoute(Object(Illuminate\\Http\\Request), Object(Illuminate\\Routing\\Route))
#12 /Applications/KSK/IS/ayeyarwady-grill/backend/vendor/laravel/framework/src/Illuminate/Routing/Router.php(739): Illuminate\\Routing\\Router->dispatchToRoute(Object(Illuminate\\Http\\Request))
#13 /Applications/KSK/IS/ayeyarwady-grill/backend/vendor/laravel/framework/src/Illuminate/Foundation/Http/Kernel.php(201): Illuminate\\Routing\\Router->dispatch(Object(Illuminate\\Http\\Request))
#14 /Applications/KSK/IS/ayeyarwady-grill/backend/vendor/laravel/framework/src/Illuminate/Pipeline/Pipeline.php(170): Illuminate\\Foundation\\Http\\Kernel->{closure:Illuminate\\Foundation\\Http\\Kernel::dispatchToRouter():198}(Object(Illuminate\\Http\\Request))
#15 /Applications/KSK/IS/ayeyarwady-grill/backend/vendor/laravel/framework/src/Illuminate/Foundation/Http/Middleware/TransformsRequest.php(21): Illuminate\\Pipeline\\Pipeline->{closure:Illuminate\\Pipeline\\Pipeline::prepareDestination():168}(Object(Illuminate\\Http\\Request))
#16 /Applications/KSK/IS/ayeyarwady-grill/backend/vendor/laravel/framework/src/Illuminate/Foundation/Http/Middleware/ConvertEmptyStringsToNull.php(31): Illuminate\\Foundation\\Http\\Middleware\\TransformsRequest->handle(Object(Illuminate\\Http\\Request), Object(Closure))
#17 /Applications/KSK/IS/ayeyarwady-grill/backend/vendor/laravel/framework/src/Illuminate/Pipeline/Pipeline.php(209): Illuminate\\Foundation\\Http\\Middleware\\ConvertEmptyStringsToNull->handle(Object(Illuminate\\Http\\Request), Object(Closure))
#18 /Applications/KSK/IS/ayeyarwady-grill/backend/vendor/laravel/framework/src/Illuminate/Foundation/Http/Middleware/TransformsRequest.php(21): Illuminate\\Pipeline\\Pipeline->{closure:{closure:Illuminate\\Pipeline\\Pipeline::carry():184}:185}(Object(Illuminate\\Http\\Request))
#19 /Applications/KSK/IS/ayeyarwady-grill/backend/vendor/laravel/framework/src/Illuminate/Foundation/Http/Middleware/TrimStrings.php(51): Illuminate\\Foundation\\Http\\Middleware\\TransformsRequest->handle(Object(Illuminate\\Http\\Request), Object(Closure))
#20 /Applications/KSK/IS/ayeyarwady-grill/backend/vendor/laravel/framework/src/Illuminate/Pipeline/Pipeline.php(209): Illuminate\\Foundation\\Http\\Middleware\\TrimStrings->handle(Object(Illuminate\\Http\\Request), Object(Closure))
#21 /Applications/KSK/IS/ayeyarwady-grill/backend/vendor/laravel/framework/src/Illuminate/Http/Middleware/ValidatePostSize.php(27): Illuminate\\Pipeline\\Pipeline->{closure:{closure:Illuminate\\Pipeline\\Pipeline::carry():184}:185}(Object(Illuminate\\Http\\Request))
#22 /Applications/KSK/IS/ayeyarwady-grill/backend/vendor/laravel/framework/src/Illuminate/Pipeline/Pipeline.php(209): Illuminate\\Http\\Middleware\\ValidatePostSize->handle(Object(Illuminate\\Http\\Request), Object(Closure))
#23 /Applications/KSK/IS/ayeyarwady-grill/backend/vendor/laravel/framework/src/Illuminate/Foundation/Http/Middleware/PreventRequestsDuringMaintenance.php(110): Illuminate\\Pipeline\\Pipeline->{closure:{closure:Illuminate\\Pipeline\\Pipeline::carry():184}:185}(Object(Illuminate\\Http\\Request))
#24 /Applications/KSK/IS/ayeyarwady-grill/backend/vendor/laravel/framework/src/Illuminate/Pipeline/Pipeline.php(209): Illuminate\\Foundation\\Http\\Middleware\\PreventRequestsDuringMaintenance->handle(Object(Illuminate\\Http\\Request), Object(Closure))
#25 /Applications/KSK/IS/ayeyarwady-grill/backend/vendor/laravel/framework/src/Illuminate/Http/Middleware/HandleCors.php(62): Illuminate\\Pipeline\\Pipeline->{closure:{closure:Illuminate\\Pipeline\\Pipeline::carry():184}:185}(Object(Illuminate\\Http\\Request))
#26 /Applications/KSK/IS/ayeyarwady-grill/backend/vendor/laravel/framework/src/Illuminate/Pipeline/Pipeline.php(209): Illuminate\\Http\\Middleware\\HandleCors->handle(Object(Illuminate\\Http\\Request), Object(Closure))
#27 /Applications/KSK/IS/ayeyarwady-grill/backend/vendor/laravel/framework/src/Illuminate/Http/Middleware/TrustProxies.php(58): Illuminate\\Pipeline\\Pipeline->{closure:{closure:Illuminate\\Pipeline\\Pipeline::carry():184}:185}(Object(Illuminate\\Http\\Request))
#28 /Applications/KSK/IS/ayeyarwady-grill/backend/vendor/laravel/framework/src/Illuminate/Pipeline/Pipeline.php(209): Illuminate\\Http\\Middleware\\TrustProxies->handle(Object(Illuminate\\Http\\Request), Object(Closure))
#29 /Applications/KSK/IS/ayeyarwady-grill/backend/vendor/laravel/framework/src/Illuminate/Foundation/Http/Middleware/InvokeDeferredCallbacks.php(22): Illuminate\\Pipeline\\Pipeline->{closure:{closure:Illuminate\\Pipeline\\Pipeline::carry():184}:185}(Object(Illuminate\\Http\\Request))
#30 /Applications/KSK/IS/ayeyarwady-grill/backend/vendor/laravel/framework/src/Illuminate/Pipeline/Pipeline.php(209): Illuminate\\Foundation\\Http\\Middleware\\InvokeDeferredCallbacks->handle(Object(Illuminate\\Http\\Request), Object(Closure))
#31 /Applications/KSK/IS/ayeyarwady-grill/backend/vendor/laravel/framework/src/Illuminate/Pipeline/Pipeline.php(127): Illuminate\\Pipeline\\Pipeline->{closure:{closure:Illuminate\\Pipeline\\Pipeline::carry():184}:185}(Object(Illuminate\\Http\\Request))
#32 /Applications/KSK/IS/ayeyarwady-grill/backend/vendor/laravel/framework/src/Illuminate/Foundation/Http/Kernel.php(176): Illuminate\\Pipeline\\Pipeline->then(Object(Closure))
#33 /Applications/KSK/IS/ayeyarwady-grill/backend/vendor/laravel/framework/src/Illuminate/Foundation/Http/Kernel.php(145): Illuminate\\Foundation\\Http\\Kernel->sendRequestThroughRouter(Object(Illuminate\\Http\\Request))
#34 /Applications/KSK/IS/ayeyarwady-grill/backend/vendor/laravel/framework/src/Illuminate/Foundation/Application.php(1220): Illuminate\\Foundation\\Http\\Kernel->handle(Object(Illuminate\\Http\\Request))
#35 /Applications/KSK/IS/ayeyarwady-grill/backend/public/index.php(21): Illuminate\\Foundation\\Application->handleRequest(Object(Illuminate\\Http\\Request))
#36 /Applications/KSK/IS/ayeyarwady-grill/backend/vendor/laravel/framework/src/Illuminate/Foundation/resources/server.php(23): require_once('/Applications/K...')
#37 {main}
"} 
[2026-09-09 14:09:06] local.ERROR: Route [login] not defined. {"exception":"[object] (Symfony\\Component\\Routing\\Exception\\RouteNotFoundException(code: 0): Route [login] not defined. at /Applications/KSK/IS/ayeyarwady-grill/backend/vendor/laravel/framework/src/Illuminate/Routing/UrlGenerator.php:517)
[stacktrace]
#0 /Applications/KSK/IS/ayeyarwady-grill/backend/vendor/laravel/framework/src/Illuminate/Foundation/helpers.php(853): Illuminate\\Routing\\UrlGenerator->route('login', Array, true)
#1 /Applications/KSK/IS/ayeyarwady-grill/backend/vendor/laravel/framework/src/Illuminate/Foundation/Configuration/ApplicationBuilder.php(278): route('login')
#2 [internal function]: Illuminate\\Foundation\\Configuration\\ApplicationBuilder->{closure:{closure:Illuminate\\Foundation\\Configuration\\ApplicationBuilder::withMiddleware():276}:278}(Object(Illuminate\\Http\\Request))
#3 /Applications/KSK/IS/ayeyarwady-grill/backend/vendor/laravel/framework/src/Illuminate/Auth/Middleware/Authenticate.php(118): call_user_func(Object(Closure), Object(Illuminate\\Http\\Request))
#4 /Applications/KSK/IS/ayeyarwady-grill/backend/vendor/laravel/framework/src/Illuminate/Auth/Middleware/Authenticate.php(105): Illuminate\\Auth\\Middleware\\Authenticate->redirectTo(Object(Illuminate\\Http\\Request))
#5 /Applications/KSK/IS/ayeyarwady-grill/backend/vendor/laravel/framework/src/Illuminate/Auth/Middleware/Authenticate.php(88): Illuminate\\Auth\\Middleware\\Authenticate->unauthenticated(Object(Illuminate\\Http\\Request), Array)
#6 /Applications/KSK/IS/ayeyarwady-grill/backend/vendor/laravel/framework/src/Illuminate/Auth/Middleware/Authenticate.php(62): Illuminate\\Auth\\Middleware\\Authenticate->authenticate(Object(Illuminate\\Http\\Request), Array)
#7 /Applications/KSK/IS/ayeyarwady-grill/backend/vendor/laravel/framework/src/Illuminate/Pipeline/Pipeline.php(209): Illuminate\\Auth\\Middleware\\Authenticate->handle(Object(Illuminate\\Http\\Request), Object(Closure), 'sanctum')
#8 /Applications/KSK/IS/ayeyarwady-grill/backend/vendor/laravel/framework/src/Illuminate/Pipeline/Pipeline.php(127): Illuminate\\Pipeline\\Pipeline->{closure:{closure:Illuminate\\Pipeline\\Pipeline::carry():184}:185}(Object(Illuminate\\Http\\Request))
#9 /Applications/KSK/IS/ayeyarwady-grill/backend/vendor/laravel/framework/src/Illuminate/Routing/Router.php(807): Illuminate\\Pipeline\\Pipeline->then(Object(Closure))
#10 /Applications/KSK/IS/ayeyarwady-grill/backend/vendor/laravel/framework/src/Illuminate/Routing/Router.php(786): Illuminate\\Routing\\Router->runRouteWithinStack(Object(Illuminate\\Routing\\Route), Object(Illuminate\\Http\\Request))
#11 /Applications/KSK/IS/ayeyarwady-grill/backend/vendor/laravel/framework/src/Illuminate/Routing/Router.php(750): Illuminate\\Routing\\Router->runRoute(Object(Illuminate\\Http\\Request), Object(Illuminate\\Routing\\Route))
#12 /Applications/KSK/IS/ayeyarwady-grill/backend/vendor/laravel/framework/src/Illuminate/Routing/Router.php(739): Illuminate\\Routing\\Router->dispatchToRoute(Object(Illuminate\\Http\\Request))
#13 /Applications/KSK/IS/ayeyarwady-grill/backend/vendor/laravel/framework/src/Illuminate/Foundation/Http/Kernel.php(201): Illuminate\\Routing\\Router->dispatch(Object(Illuminate\\Http\\Request))
#14 /Applications/KSK/IS/ayeyarwady-grill/backend/vendor/laravel/framework/src/Illuminate/Pipeline/Pipeline.php(170): Illuminate\\Foundation\\Http\\Kernel->{closure:Illuminate\\Foundation\\Http\\Kernel::dispatchToRouter():198}(Object(Illuminate\\Http\\Request))
#15 /Applications/KSK/IS/ayeyarwady-grill/backend/vendor/laravel/framework/src/Illuminate/Foundation/Http/Middleware/TransformsRequest.php(21): Illuminate\\Pipeline\\Pipeline->{closure:Illuminate\\Pipeline\\Pipeline::prepareDestination():168}(Object(Illuminate\\Http\\Request))
#16 /Applications/KSK/IS/ayeyarwady-grill/backend/vendor/laravel/framework/src/Illuminate/Foundation/Http/Middleware/ConvertEmptyStringsToNull.php(31): Illuminate\\Foundation\\Http\\Middleware\\TransformsRequest->handle(Object(Illuminate\\Http\\Request), Object(Closure))
#17 /Applications/KSK/IS/ayeyarwady-grill/backend/vendor/laravel/framework/src/Illuminate/Pipeline/Pipeline.php(209): Illuminate\\Foundation\\Http\\Middleware\\ConvertEmptyStringsToNull->handle(Object(Illuminate\\Http\\Request), Object(Closure))
#18 /Applications/KSK/IS/ayeyarwady-grill/backend/vendor/laravel/framework/src/Illuminate/Foundation/Http/Middleware/TransformsRequest.php(21): Illuminate\\Pipeline\\Pipeline->{closure:{closure:Illuminate\\Pipeline\\Pipeline::carry():184}:185}(Object(Illuminate\\Http\\Request))
#19 /Applications/KSK/IS/ayeyarwady-grill/backend/vendor/laravel/framework/src/Illuminate/Foundation/Http/Middleware/TrimStrings.php(51): Illuminate\\Foundation\\Http\\Middleware\\TransformsRequest->handle(Object(Illuminate\\Http\\Request), Object(Closure))
#20 /Applications/KSK/IS/ayeyarwady-grill/backend/vendor/laravel/framework/src/Illuminate/Pipeline/Pipeline.php(209): Illuminate\\Foundation\\Http\\Middleware\\TrimStrings->handle(Object(Illuminate\\Http\\Request), Object(Closure))
#21 /Applications/KSK/IS/ayeyarwady-grill/backend/vendor/laravel/framework/src/Illuminate/Http/Middleware/ValidatePostSize.php(27): Illuminate\\Pipeline\\Pipeline->{closure:{closure:Illuminate\\Pipeline\\Pipeline::carry():184}:185}(Object(Illuminate\\Http\\Request))
#22 /Applications/KSK/IS/ayeyarwady-grill/backend/vendor/laravel/framework/src/Illuminate/Pipeline/Pipeline.php(209): Illuminate\\Http\\Middleware\\ValidatePostSize->handle(Object(Illuminate\\Http\\Request), Object(Closure))
#23 /Applications/KSK/IS/ayeyarwady-grill/backend/vendor/laravel/framework/src/Illuminate/Foundation/Http/Middleware/PreventRequestsDuringMaintenance.php(110): Illuminate\\Pipeline\\Pipeline->{closure:{closure:Illuminate\\Pipeline\\Pipeline::carry():184}:185}(Object(Illuminate\\Http\\Request))
#24 /Applications/KSK/IS/ayeyarwady-grill/backend/vendor/laravel/framework/src/Illuminate/Pipeline/Pipeline.php(209): Illuminate\\Foundation\\Http\\Middleware\\PreventRequestsDuringMaintenance->handle(Object(Illuminate\\Http\\Request), Object(Closure))
#25 /Applications/KSK/IS/ayeyarwady-grill/backend/vendor/laravel/framework/src/Illuminate/Http/Middleware/HandleCors.php(62): Illuminate\\Pipeline\\Pipeline->{closure:{closure:Illuminate\\Pipeline\\Pipeline::carry():184}:185}(Object(Illuminate\\Http\\Request))
#26 /Applications/KSK/IS/ayeyarwady-grill/backend/vendor/laravel/framework/src/Illuminate/Pipeline/Pipeline.php(209): Illuminate\\Http\\Middleware\\HandleCors->handle(Object(Illuminate\\Http\\Request), Object(Closure))
#27 /Applications/KSK/IS/ayeyarwady-grill/backend/vendor/laravel/framework/src/Illuminate/Http/Middleware/TrustProxies.php(58): Illuminate\\Pipeline\\Pipeline->{closure:{closure:Illuminate\\Pipeline\\Pipeline::carry():184}:185}(Object(Illuminate\\Http\\Request))
#28 /Applications/KSK/IS/ayeyarwady-grill/backend/vendor/laravel/framework/src/Illuminate/Pipeline/Pipeline.php(209): Illuminate\\Http\\Middleware\\TrustProxies->handle(Object(Illuminate\\Http\\Request), Object(Closure))
#29 /Applications/KSK/IS/ayeyarwady-grill/backend/vendor/laravel/framework/src/Illuminate/Foundation/Http/Middleware/InvokeDeferredCallbacks.php(22): Illuminate\\Pipeline\\Pipeline->{closure:{closure:Illuminate\\Pipeline\\Pipeline::carry():184}:185}(Object(Illuminate\\Http\\Request))
#30 /Applications/KSK/IS/ayeyarwady-grill/backend/vendor/laravel/framework/src/Illuminate/Pipeline/Pipeline.php(209): Illuminate\\Foundation\\Http\\Middleware\\InvokeDeferredCallbacks->handle(Object(Illuminate\\Http\\Request), Object(Closure))
#31 /Applications/KSK/IS/ayeyarwady-grill/backend/vendor/laravel/framework/src/Illuminate/Pipeline/Pipeline.php(127): Illuminate\\Pipeline\\Pipeline->{closure:{closure:Illuminate\\Pipeline\\Pipeline::carry():184}:185}(Object(Illuminate\\Http\\Request))
#32 /Applications/KSK/IS/ayeyarwady-grill/backend/vendor/laravel/framework/src/Illuminate/Foundation/Http/Kernel.php(176): Illuminate\\Pipeline\\Pipeline->then(Object(Closure))
#33 /Applications/KSK/IS/ayeyarwady-grill/backend/vendor/laravel/framework/src/Illuminate/Foundation/Http/Kernel.php(145): Illuminate\\Foundation\\Http\\Kernel->sendRequestThroughRouter(Object(Illuminate\\Http\\Request))
#34 /Applications/KSK/IS/ayeyarwady-grill/backend/vendor/laravel/framework/src/Illuminate/Foundation/Application.php(1220): Illuminate\\Foundation\\Http\\Kernel->handle(Object(Illuminate\\Http\\Request))
#35 /Applications/KSK/IS/ayeyarwady-grill/backend/public/index.php(21): Illuminate\\Foundation\\Application->handleRequest(Object(Illuminate\\Http\\Request))
#36 /Applications/KSK/IS/ayeyarwady-grill/backend/vendor/laravel/framework/src/Illuminate/Foundation/resources/server.php(23): require_once('/Applications/K...')
#37 {main}
"} 
[2026-09-09 14:09:16] local.ERROR: Route [login] not defined. {"exception":"[object] (Symfony\\Component\\Routing\\Exception\\RouteNotFoundException(code: 0): Route [login] not defined. at /Applications/KSK/IS/ayeyarwady-grill/backend/vendor/laravel/framework/src/Illuminate/Routing/UrlGenerator.php:517)
[stacktrace]
#0 /Applications/KSK/IS/ayeyarwady-grill/backend/vendor/laravel/framework/src/Illuminate/Foundation/helpers.php(853): Illuminate\\Routing\\UrlGenerator->route('login', Array, true)
#1 /Applications/KSK/IS/ayeyarwady-grill/backend/vendor/laravel/framework/src/Illuminate/Foundation/Configuration/ApplicationBuilder.php(278): route('login')
#2 [internal function]: Illuminate\\Foundation\\Configuration\\ApplicationBuilder->{closure:{closure:Illuminate\\Foundation\\Configuration\\ApplicationBuilder::withMiddleware():276}:278}(Object(Illuminate\\Http\\Request))
#3 /Applications/KSK/IS/ayeyarwady-grill/backend/vendor/laravel/framework/src/Illuminate/Auth/Middleware/Authenticate.php(118): call_user_func(Object(Closure), Object(Illuminate\\Http\\Request))
#4 /Applications/KSK/IS/ayeyarwady-grill/backend/vendor/laravel/framework/src/Illuminate/Auth/Middleware/Authenticate.php(105): Illuminate\\Auth\\Middleware\\Authenticate->redirectTo(Object(Illuminate\\Http\\Request))
#5 /Applications/KSK/IS/ayeyarwady-grill/backend/vendor/laravel/framework/src/Illuminate/Auth/Middleware/Authenticate.php(88): Illuminate\\Auth\\Middleware\\Authenticate->unauthenticated(Object(Illuminate\\Http\\Request), Array)
#6 /Applications/KSK/IS/ayeyarwady-grill/backend/vendor/laravel/framework/src/Illuminate/Auth/Middleware/Authenticate.php(62): Illuminate\\Auth\\Middleware\\Authenticate->authenticate(Object(Illuminate\\Http\\Request), Array)
#7 /Applications/KSK/IS/ayeyarwady-grill/backend/vendor/laravel/framework/src/Illuminate/Pipeline/Pipeline.php(209): Illuminate\\Auth\\Middleware\\Authenticate->handle(Object(Illuminate\\Http\\Request), Object(Closure), 'sanctum')
#8 /Applications/KSK/IS/ayeyarwady-grill/backend/vendor/laravel/framework/src/Illuminate/Pipeline/Pipeline.php(127): Illuminate\\Pipeline\\Pipeline->{closure:{closure:Illuminate\\Pipeline\\Pipeline::carry():184}:185}(Object(Illuminate\\Http\\Request))
#9 /Applications/KSK/IS/ayeyarwady-grill/backend/vendor/laravel/framework/src/Illuminate/Routing/Router.php(807): Illuminate\\Pipeline\\Pipeline->then(Object(Closure))
#10 /Applications/KSK/IS/ayeyarwady-grill/backend/vendor/laravel/framework/src/Illuminate/Routing/Router.php(786): Illuminate\\Routing\\Router->runRouteWithinStack(Object(Illuminate\\Routing\\Route), Object(Illuminate\\Http\\Request))
#11 /Applications/KSK/IS/ayeyarwady-grill/backend/vendor/laravel/framework/src/Illuminate/Routing/Router.php(750): Illuminate\\Routing\\Router->runRoute(Object(Illuminate\\Http\\Request), Object(Illuminate\\Routing\\Route))
#12 /Applications/KSK/IS/ayeyarwady-grill/backend/vendor/laravel/framework/src/Illuminate/Routing/Router.php(739): Illuminate\\Routing\\Router->dispatchToRoute(Object(Illuminate\\Http\\Request))
#13 /Applications/KSK/IS/ayeyarwady-grill/backend/vendor/laravel/framework/src/Illuminate/Foundation/Http/Kernel.php(201): Illuminate\\Routing\\Router->dispatch(Object(Illuminate\\Http\\Request))
#14 /Applications/KSK/IS/ayeyarwady-grill/backend/vendor/laravel/framework/src/Illuminate/Pipeline/Pipeline.php(170): Illuminate\\Foundation\\Http\\Kernel->{closure:Illuminate\\Foundation\\Http\\Kernel::dispatchToRouter():198}(Object(Illuminate\\Http\\Request))
#15 /Applications/KSK/IS/ayeyarwady-grill/backend/vendor/laravel/framework/src/Illuminate/Foundation/Http/Middleware/TransformsRequest.php(21): Illuminate\\Pipeline\\Pipeline->{closure:Illuminate\\Pipeline\\Pipeline::prepareDestination():168}(Object(Illuminate\\Http\\Request))
#16 /Applications/KSK/IS/ayeyarwady-grill/backend/vendor/laravel/framework/src/Illuminate/Foundation/Http/Middleware/ConvertEmptyStringsToNull.php(31): Illuminate\\Foundation\\Http\\Middleware\\TransformsRequest->handle(Object(Illuminate\\Http\\Request), Object(Closure))
#17 /Applications/KSK/IS/ayeyarwady-grill/backend/vendor/laravel/framework/src/Illuminate/Pipeline/Pipeline.php(209): Illuminate\\Foundation\\Http\\Middleware\\ConvertEmptyStringsToNull->handle(Object(Illuminate\\Http\\Request), Object(Closure))
#18 /Applications/KSK/IS/ayeyarwady-grill/backend/vendor/laravel/framework/src/Illuminate/Foundation/Http/Middleware/TransformsRequest.php(21): Illuminate\\Pipeline\\Pipeline->{closure:{closure:Illuminate\\Pipeline\\Pipeline::carry():184}:185}(Object(Illuminate\\Http\\Request))
#19 /Applications/KSK/IS/ayeyarwady-grill/backend/vendor/laravel/framework/src/Illuminate/Foundation/Http/Middleware/TrimStrings.php(51): Illuminate\\Foundation\\Http\\Middleware\\TransformsRequest->handle(Object(Illuminate\\Http\\Request), Object(Closure))
#20 /Applications/KSK/IS/ayeyarwady-grill/backend/vendor/laravel/framework/src/Illuminate/Pipeline/Pipeline.php(209): Illuminate\\Foundation\\Http\\Middleware\\TrimStrings->handle(Object(Illuminate\\Http\\Request), Object(Closure))
#21 /Applications/KSK/IS/ayeyarwady-grill/backend/vendor/laravel/framework/src/Illuminate/Http/Middleware/ValidatePostSize.php(27): Illuminate\\Pipeline\\Pipeline->{closure:{closure:Illuminate\\Pipeline\\Pipeline::carry():184}:185}(Object(Illuminate\\Http\\Request))
#22 /Applications/KSK/IS/ayeyarwady-grill/backend/vendor/laravel/framework/src/Illuminate/Pipeline/Pipeline.php(209): Illuminate\\Http\\Middleware\\ValidatePostSize->handle(Object(Illuminate\\Http\\Request), Object(Closure))
#23 /Applications/KSK/IS/ayeyarwady-grill/backend/vendor/laravel/framework/src/Illuminate/Foundation/Http/Middleware/PreventRequestsDuringMaintenance.php(110): Illuminate\\Pipeline\\Pipeline->{closure:{closure:Illuminate\\Pipeline\\Pipeline::carry():184}:185}(Object(Illuminate\\Http\\Request))
#24 /Applications/KSK/IS/ayeyarwady-grill/backend/vendor/laravel/framework/src/Illuminate/Pipeline/Pipeline.php(209): Illuminate\\Foundation\\Http\\Middleware\\PreventRequestsDuringMaintenance->handle(Object(Illuminate\\Http\\Request), Object(Closure))
#25 /Applications/KSK/IS/ayeyarwady-grill/backend/vendor/laravel/framework/src/Illuminate/Http/Middleware/HandleCors.php(62): Illuminate\\Pipeline\\Pipeline->{closure:{closure:Illuminate\\Pipeline\\Pipeline::carry():184}:185}(Object(Illuminate\\Http\\Request))
#26 /Applications/KSK/IS/ayeyarwady-grill/backend/vendor/laravel/framework/src/Illuminate/Pipeline/Pipeline.php(209): Illuminate\\Http\\Middleware\\HandleCors->handle(Object(Illuminate\\Http\\Request), Object(Closure))
#27 /Applications/KSK/IS/ayeyarwady-grill/backend/vendor/laravel/framework/src/Illuminate/Http/Middleware/TrustProxies.php(58): Illuminate\\Pipeline\\Pipeline->{closure:{closure:Illuminate\\Pipeline\\Pipeline::carry():184}:185}(Object(Illuminate\\Http\\Request))
#28 /Applications/KSK/IS/ayeyarwady-grill/backend/vendor/laravel/framework/src/Illuminate/Pipeline/Pipeline.php(209): Illuminate\\Http\\Middleware\\TrustProxies->handle(Object(Illuminate\\Http\\Request), Object(Closure))
#29 /Applications/KSK/IS/ayeyarwady-grill/backend/vendor/laravel/framework/src/Illuminate/Foundation/Http/Middleware/InvokeDeferredCallbacks.php(22): Illuminate\\Pipeline\\Pipeline->{closure:{closure:Illuminate\\Pipeline\\Pipeline::carry():184}:185}(Object(Illuminate\\Http\\Request))
#30 /Applications/KSK/IS/ayeyarwady-grill/backend/vendor/laravel/framework/src/Illuminate/Pipeline/Pipeline.php(209): Illuminate\\Foundation\\Http\\Middleware\\InvokeDeferredCallbacks->handle(Object(Illuminate\\Http\\Request), Object(Closure))
#31 /Applications/KSK/IS/ayeyarwady-grill/backend/vendor/laravel/framework/src/Illuminate/Pipeline/Pipeline.php(127): Illuminate\\Pipeline\\Pipeline->{closure:{closure:Illuminate\\Pipeline\\Pipeline::carry():184}:185}(Object(Illuminate\\Http\\Request))
#32 /Applications/KSK/IS/ayeyarwady-grill/backend/vendor/laravel/framework/src/Illuminate/Foundation/Http/Kernel.php(176): Illuminate\\Pipeline\\Pipeline->then(Object(Closure))
#33 /Applications/KSK/IS/ayeyarwady-grill/backend/vendor/laravel/framework/src/Illuminate/Foundation/Http/Kernel.php(145): Illuminate\\Foundation\\Http\\Kernel->sendRequestThroughRouter(Object(Illuminate\\Http\\Request))
#34 /Applications/KSK/IS/ayeyarwady-grill/backend/vendor/laravel/framework/src/Illuminate/Foundation/Application.php(1220): Illuminate\\Foundation\\Http\\Kernel->handle(Object(Illuminate\\Http\\Request))
#35 /Applications/KSK/IS/ayeyarwady-grill/backend/public/index.php(21): Illuminate\\Foundation\\Application->handleRequest(Object(Illuminate\\Http\\Request))
#36 /Applications/KSK/IS/ayeyarwady-grill/backend/vendor/laravel/framework/src/Illuminate/Foundation/resources/server.php(23): require_once('/Applications/K...')
#37 {main}
"} 
[2026-09-09 14:09:16] local.ERROR: Route [login] not defined. {"exception":"[object] (Symfony\\Component\\Routing\\Exception\\RouteNotFoundException(code: 0): Route [login] not defined. at /Applications/KSK/IS/ayeyarwady-grill/backend/vendor/laravel/framework/src/Illuminate/Routing/UrlGenerator.php:517)
[stacktrace]
#0 /Applications/KSK/IS/ayeyarwady-grill/backend/vendor/laravel/framework/src/Illuminate/Foundation/helpers.php(853): Illuminate\\Routing\\UrlGenerator->route('login', Array, true)
#1 /Applications/KSK/IS/ayeyarwady-grill/backend/vendor/laravel/framework/src/Illuminate/Foundation/Configuration/ApplicationBuilder.php(278): route('login')
#2 [internal function]: Illuminate\\Foundation\\Configuration\\ApplicationBuilder->{closure:{closure:Illuminate\\Foundation\\Configuration\\ApplicationBuilder::withMiddleware():276}:278}(Object(Illuminate\\Http\\Request))
#3 /Applications/KSK/IS/ayeyarwady-grill/backend/vendor/laravel/framework/src/Illuminate/Auth/Middleware/Authenticate.php(118): call_user_func(Object(Closure), Object(Illuminate\\Http\\Request))
#4 /Applications/KSK/IS/ayeyarwady-grill/backend/vendor/laravel/framework/src/Illuminate/Auth/Middleware/Authenticate.php(105): Illuminate\\Auth\\Middleware\\Authenticate->redirectTo(Object(Illuminate\\Http\\Request))
#5 /Applications/KSK/IS/ayeyarwady-grill/backend/vendor/laravel/framework/src/Illuminate/Auth/Middleware/Authenticate.php(88): Illuminate\\Auth\\Middleware\\Authenticate->unauthenticated(Object(Illuminate\\Http\\Request), Array)
#6 /Applications/KSK/IS/ayeyarwady-grill/backend/vendor/laravel/framework/src/Illuminate/Auth/Middleware/Authenticate.php(62): Illuminate\\Auth\\Middleware\\Authenticate->authenticate(Object(Illuminate\\Http\\Request), Array)
#7 /Applications/KSK/IS/ayeyarwady-grill/backend/vendor/laravel/framework/src/Illuminate/Pipeline/Pipeline.php(209): Illuminate\\Auth\\Middleware\\Authenticate->handle(Object(Illuminate\\Http\\Request), Object(Closure), 'sanctum')
#8 /Applications/KSK/IS/ayeyarwady-grill/backend/vendor/laravel/framework/src/Illuminate/Pipeline/Pipeline.php(127): Illuminate\\Pipeline\\Pipeline->{closure:{closure:Illuminate\\Pipeline\\Pipeline::carry():184}:185}(Object(Illuminate\\Http\\Request))
#9 /Applications/KSK/IS/ayeyarwady-grill/backend/vendor/laravel/framework/src/Illuminate/Routing/Router.php(807): Illuminate\\Pipeline\\Pipeline->then(Object(Closure))
#10 /Applications/KSK/IS/ayeyarwady-grill/backend/vendor/laravel/framework/src/Illuminate/Routing/Router.php(786): Illuminate\\Routing\\Router->runRouteWithinStack(Object(Illuminate\\Routing\\Route), Object(Illuminate\\Http\\Request))
#11 /Applications/KSK/IS/ayeyarwady-grill/backend/vendor/laravel/framework/src/Illuminate/Routing/Router.php(750): Illuminate\\Routing\\Router->runRoute(Object(Illuminate\\Http\\Request), Object(Illuminate\\Routing\\Route))
#12 /Applications/KSK/IS/ayeyarwady-grill/backend/vendor/laravel/framework/src/Illuminate/Routing/Router.php(739): Illuminate\\Routing\\Router->dispatchToRoute(Object(Illuminate\\Http\\Request))
#13 /Applications/KSK/IS/ayeyarwady-grill/backend/vendor/laravel/framework/src/Illuminate/Foundation/Http/Kernel.php(201): Illuminate\\Routing\\Router->dispatch(Object(Illuminate\\Http\\Request))
#14 /Applications/KSK/IS/ayeyarwady-grill/backend/vendor/laravel/framework/src/Illuminate/Pipeline/Pipeline.php(170): Illuminate\\Foundation\\Http\\Kernel->{closure:Illuminate\\Foundation\\Http\\Kernel::dispatchToRouter():198}(Object(Illuminate\\Http\\Request))
#15 /Applications/KSK/IS/ayeyarwady-grill/backend/vendor/laravel/framework/src/Illuminate/Foundation/Http/Middleware/TransformsRequest.php(21): Illuminate\\Pipeline\\Pipeline->{closure:Illuminate\\Pipeline\\Pipeline::prepareDestination():168}(Object(Illuminate\\Http\\Request))
#16 /Applications/KSK/IS/ayeyarwady-grill/backend/vendor/laravel/framework/src/Illuminate/Foundation/Http/Middleware/ConvertEmptyStringsToNull.php(31): Illuminate\\Foundation\\Http\\Middleware\\TransformsRequest->handle(Object(Illuminate\\Http\\Request), Object(Closure))
#17 /Applications/KSK/IS/ayeyarwady-grill/backend/vendor/laravel/framework/src/Illuminate/Pipeline/Pipeline.php(209): Illuminate\\Foundation\\Http\\Middleware\\ConvertEmptyStringsToNull->handle(Object(Illuminate\\Http\\Request), Object(Closure))
#18 /Applications/KSK/IS/ayeyarwady-grill/backend/vendor/laravel/framework/src/Illuminate/Foundation/Http/Middleware/TransformsRequest.php(21): Illuminate\\Pipeline\\Pipeline->{closure:{closure:Illuminate\\Pipeline\\Pipeline::carry():184}:185}(Object(Illuminate\\Http\\Request))
#19 /Applications/KSK/IS/ayeyarwady-grill/backend/vendor/laravel/framework/src/Illuminate/Foundation/Http/Middleware/TrimStrings.php(51): Illuminate\\Foundation\\Http\\Middleware\\TransformsRequest->handle(Object(Illuminate\\Http\\Request), Object(Closure))
#20 /Applications/KSK/IS/ayeyarwady-grill/backend/vendor/laravel/framework/src/Illuminate/Pipeline/Pipeline.php(209): Illuminate\\Foundation\\Http\\Middleware\\TrimStrings->handle(Object(Illuminate\\Http\\Request), Object(Closure))
#21 /Applications/KSK/IS/ayeyarwady-grill/backend/vendor/laravel/framework/src/Illuminate/Http/Middleware/ValidatePostSize.php(27): Illuminate\\Pipeline\\Pipeline->{closure:{closure:Illuminate\\Pipeline\\Pipeline::carry():184}:185}(Object(Illuminate\\Http\\Request))
#22 /Applications/KSK/IS/ayeyarwady-grill/backend/vendor/laravel/framework/src/Illuminate/Pipeline/Pipeline.php(209): Illuminate\\Http\\Middleware\\ValidatePostSize->handle(Object(Illuminate\\Http\\Request), Object(Closure))
#23 /Applications/KSK/IS/ayeyarwady-grill/backend/vendor/laravel/framework/src/Illuminate/Foundation/Http/Middleware/PreventRequestsDuringMaintenance.php(110): Illuminate\\Pipeline\\Pipeline->{closure:{closure:Illuminate\\Pipeline\\Pipeline::carry():184}:185}(Object(Illuminate\\Http\\Request))
#24 /Applications/KSK/IS/ayeyarwady-grill/backend/vendor/laravel/framework/src/Illuminate/Pipeline/Pipeline.php(209): Illuminate\\Foundation\\Http\\Middleware\\PreventRequestsDuringMaintenance->handle(Object(Illuminate\\Http\\Request), Object(Closure))
#25 /Applications/KSK/IS/ayeyarwady-grill/backend/vendor/laravel/framework/src/Illuminate/Http/Middleware/HandleCors.php(62): Illuminate\\Pipeline\\Pipeline->{closure:{closure:Illuminate\\Pipeline\\Pipeline::carry():184}:185}(Object(Illuminate\\Http\\Request))
#26 /Applications/KSK/IS/ayeyarwady-grill/backend/vendor/laravel/framework/src/Illuminate/Pipeline/Pipeline.php(209): Illuminate\\Http\\Middleware\\HandleCors->handle(Object(Illuminate\\Http\\Request), Object(Closure))
#27 /Applications/KSK/IS/ayeyarwady-grill/backend/vendor/laravel/framework/src/Illuminate/Http/Middleware/TrustProxies.php(58): Illuminate\\Pipeline\\Pipeline->{closure:{closure:Illuminate\\Pipeline\\Pipeline::carry():184}:185}(Object(Illuminate\\Http\\Request))
#28 /Applications/KSK/IS/ayeyarwady-grill/backend/vendor/laravel/framework/src/Illuminate/Pipeline/Pipeline.php(209): Illuminate\\Http\\Middleware\\TrustProxies->handle(Object(Illuminate\\Http\\Request), Object(Closure))
#29 /Applications/KSK/IS/ayeyarwady-grill/backend/vendor/laravel/framework/src/Illuminate/Foundation/Http/Middleware/InvokeDeferredCallbacks.php(22): Illuminate\\Pipeline\\Pipeline->{closure:{closure:Illuminate\\Pipeline\\Pipeline::carry():184}:185}(Object(Illuminate\\Http\\Request))
#30 /Applications/KSK/IS/ayeyarwady-grill/backend/vendor/laravel/framework/src/Illuminate/Pipeline/Pipeline.php(209): Illuminate\\Foundation\\Http\\Middleware\\InvokeDeferredCallbacks->handle(Object(Illuminate\\Http\\Request), Object(Closure))
#31 /Applications/KSK/IS/ayeyarwady-grill/backend/vendor/laravel/framework/src/Illuminate/Pipeline/Pipeline.php(127): Illuminate\\Pipeline\\Pipeline->{closure:{closure:Illuminate\\Pipeline\\Pipeline::carry():184}:185}(Object(Illuminate\\Http\\Request))
#32 /Applications/KSK/IS/ayeyarwady-grill/backend/vendor/laravel/framework/src/Illuminate/Foundation/Http/Kernel.php(176): Illuminate\\Pipeline\\Pipeline->then(Object(Closure))
#33 /Applications/KSK/IS/ayeyarwady-grill/backend/vendor/laravel/framework/src/Illuminate/Foundation/Http/Kernel.php(145): Illuminate\\Foundation\\Http\\Kernel->sendRequestThroughRouter(Object(Illuminate\\Http\\Request))
#34 /Applications/KSK/IS/ayeyarwady-grill/backend/vendor/laravel/framework/src/Illuminate/Foundation/Application.php(1220): Illuminate\\Foundation\\Http\\Kernel->handle(Object(Illuminate\\Http\\Request))
#35 /Applications/KSK/IS/ayeyarwady-grill/backend/public/index.php(21): Illuminate\\Foundation\\Application->handleRequest(Object(Illuminate\\Http\\Request))
#36 /Applications/KSK/IS/ayeyarwady-grill/backend/vendor/laravel/framework/src/Illuminate/Foundation/resources/server.php(23): require_once('/Applications/K...')
#37 {main}
"} 
[2026-09-09 14:10:54] local.WARNING: Broadcast failed for App\Events\TableStatusChanged: Pusher error: Internal server error..  
[2026-09-09 14:11:02] local.WARNING: Broadcast failed for App\Events\TableStatusChanged: Pusher error: cURL error 7: Failed to connect to 192.168.1.103 port 8080 after 0 ms: Could not connect to server (see https://curl.se/libcurl/c/libcurl-errors.html) for http://192.168.1.103:8080/apps/ayeyarwady-grill/events?auth_key=local-reverb-key&auth_timestamp=1788939662&auth_version=1.0&body_md5=120f1756cf14299e4b08c885d5501448&auth_signature=a6f1f50131389aa466a5dd134416a7ae73a1fe780d66f807d15ed6424721a83f.  
[2026-09-09 14:11:02] local.WARNING: Broadcast failed for App\Events\OrderCreated: Pusher error: cURL error 7: Failed to connect to 192.168.1.103 port 8080 after 0 ms: Could not connect to server (see https://curl.se/libcurl/c/libcurl-errors.html) for http://192.168.1.103:8080/apps/ayeyarwady-grill/events?auth_key=local-reverb-key&auth_timestamp=1788939662&auth_version=1.0&body_md5=8568e1752772c7783696dca368fc85b5&auth_signature=48464667648ead3f19b109486643128eb49523435bf75aa1302020db502608d1.  
[2026-09-09 14:20:00] local.WARNING: Broadcast failed for App\Events\TableStatusChanged: Pusher error: cURL error 7: Failed to connect to 192.168.1.103 port 8080 after 1 ms: Could not connect to server (see https://curl.se/libcurl/c/libcurl-errors.html) for http://192.168.1.103:8080/apps/ayeyarwady-grill/events?auth_key=local-reverb-key&auth_timestamp=1788940200&auth_version=1.0&body_md5=ef6c6730ded28d8adb25b049fb51b41c&auth_signature=1533fd637f8e909721033a869972f27311f0359fe183522d4281f6d90e4e5ebf.  
[2026-09-09 14:20:30] local.WARNING: Broadcast failed for App\Events\TableStatusChanged: Pusher error: cURL error 7: Failed to connect to 192.168.1.103 port 8080 after 1 ms: Could not connect to server (see https://curl.se/libcurl/c/libcurl-errors.html) for http://192.168.1.103:8080/apps/ayeyarwady-grill/events?auth_key=local-reverb-key&auth_timestamp=1788940230&auth_version=1.0&body_md5=cf51f37a4ac7ff26a8c12480acdd0193&auth_signature=6c359944fe53c3a94f115af382ff5be27103b86825b96122c599a7b81b516461.  
[2026-09-09 14:20:30] local.WARNING: Broadcast failed for App\Events\OrderCreated: Pusher error: cURL error 7: Failed to connect to 192.168.1.103 port 8080 after 0 ms: Could not connect to server (see https://curl.se/libcurl/c/libcurl-errors.html) for http://192.168.1.103:8080/apps/ayeyarwady-grill/events?auth_key=local-reverb-key&auth_timestamp=1788940230&auth_version=1.0&body_md5=cd7ad97e51bba47809959125db73e0f9&auth_signature=4a66b2bcf31aebb45556104ed251a67d0c722ffd2dac8b30b035b776e4fd6955.  
[2026-09-09 14:33:38] local.WARNING: Broadcast failed for App\Events\TableStatusChanged: Pusher error: cURL error 7: Failed to connect to 192.168.1.103 port 8080 after 2 ms: Could not connect to server (see https://curl.se/libcurl/c/libcurl-errors.html) for http://192.168.1.103:8080/apps/ayeyarwady-grill/events?auth_key=local-reverb-key&auth_timestamp=1788941018&auth_version=1.0&body_md5=cf51f37a4ac7ff26a8c12480acdd0193&auth_signature=86875414a5c0263d65080a30e7501a775b1327b0b95cc12d614069606df9c887.  
[2026-09-09 14:33:38] local.WARNING: Broadcast failed for App\Events\OrderCreated: Pusher error: cURL error 7: Failed to connect to 192.168.1.103 port 8080 after 0 ms: Could not connect to server (see https://curl.se/libcurl/c/libcurl-errors.html) for http://192.168.1.103:8080/apps/ayeyarwady-grill/events?auth_key=local-reverb-key&auth_timestamp=1788941018&auth_version=1.0&body_md5=d20b20267106a13c0899439acf0bfb80&auth_signature=454107d2dd2b33171440230295274be66bdd667bbeec65a830a6adf49a10d4bb.  
[2026-09-09 14:42:13] local.WARNING: Broadcast failed for App\Events\TableStatusChanged: Pusher error: cURL error 7: Failed to connect to 192.168.1.103 port 8080 after 5 ms: Could not connect to server (see https://curl.se/libcurl/c/libcurl-errors.html) for http://192.168.1.103:8080/apps/ayeyarwady-grill/events?auth_key=local-reverb-key&auth_timestamp=1788941532&auth_version=1.0&body_md5=cf51f37a4ac7ff26a8c12480acdd0193&auth_signature=4b74ead311c704ad72d807532faaeb708e5733f5b3f3b7b7a569b7989c4cf528.  
[2026-09-09 14:42:13] local.WARNING: Broadcast failed for App\Events\OrderCreated: Pusher error: cURL error 7: Failed to connect to 192.168.1.103 port 8080 after 0 ms: Could not connect to server (see https://curl.se/libcurl/c/libcurl-errors.html) for http://192.168.1.103:8080/apps/ayeyarwady-grill/events?auth_key=local-reverb-key&auth_timestamp=1788941533&auth_version=1.0&body_md5=2166872279373a13fd09fa6c52c5ef11&auth_signature=d21aa21cb6f2d35e8f0f3e30ab4415281b333e4e99563e80e348823465bc0d20.  
